B4TOD4,B5TOB4,R45TOB4,OMEGA5,GAMMAU,ALPHA4,RE,PT_LOSS
0.0,0.0,0.3902439024390244,0.5,1.0,0.0,0.0,0.1865913547592122
1.0000000000000002,0.0,1.0000000000000002,0.5,0.5,0.0,0.0,0.3344488315745791
0.1578947368421052,0.0,1.0000000000000002,0.5,0.5,0.6000000000000001,1.0,0.0859019532299976
0.1578947368421052,1.0,1.0000000000000002,0.5,0.5,0.8,1.0,0.0610215956947034
0.1578947368421052,0.0,1.0000000000000002,0.0,0.0,0.3999999999999999,0.0,0.1315805441251408
1.0000000000000002,0.5,1.0000000000000002,0.5,0.5,0.6000000000000001,0.0,0.1993620309251228
0.0,0.0,1.0000000000000002,0.5,1.0,0.3999999999999999,1.0,0.1233797164505593
0.0,1.0,0.0,0.5,1.0,0.2,0.0,0.0705643069804869
0.1578947368421052,0.5,1.0000000000000002,1.0,0.5,0.0,0.0,0.2693209500985187
0.1578947368421052,0.0,0.0,0.5,0.0,0.2,0.0,0.0618558609718734
0.1578947368421052,0.0,0.3902439024390244,0.5,0.5,1.0,0.0,0.0606365501821634
0.0,0.5,0.3902439024390244,0.5,0.5,1.0,1.0,0.0424944891163195
1.0000000000000002,0.0,1.0000000000000002,0.0,0.5,1.0,1.0,0.078382014370091
0.0,0.5,1.0000000000000002,0.5,1.0,0.3999999999999999,0.0,0.1414126812878502
0.1578947368421052,1.0,1.0000000000000002,0.5,1.0,0.3999999999999999,0.0,0.1335192482807798
0.0,0.5,0.0,0.5,0.5,0.0,0.0,0.0805754903065273
0.0,0.0,1.0000000000000002,1.0,0.5,1.0,1.0,0.0757483030643173
1.0000000000000002,0.0,1.0000000000000002,1.0,1.0,0.0,0.0,0.5485225851814528
0.0,0.5,1.0000000000000002,0.5,1.0,0.2,0.0,0.181649937348282
0.1578947368421052,0.5,0.0,0.0,1.0,0.0,1.0,0.0837585332101915
1.0000000000000002,0.0,0.0,0.0,0.5,1.0,0.0,0.0791822672936534
0.1578947368421052,0.5,1.0000000000000002,0.5,0.0,0.0,1.0,0.2275345275926341
0.1578947368421052,1.0,1.0000000000000002,0.5,0.0,1.0,1.0,0.0785219142396472
1.0000000000000002,1.0,0.0,0.5,0.0,0.6000000000000001,0.0,0.1328133315077897
1.0000000000000002,0.5,0.0,0.5,1.0,0.2,0.0,0.1831901193984421
0.1578947368421052,0.5,1.0000000000000002,0.0,0.5,1.0,0.0,0.0745328427297326
0.1578947368421052,1.0,1.0000000000000002,0.5,0.5,0.3999999999999999,0.0,0.116962291241559
1.0000000000000002,1.0,0.3902439024390244,0.5,0.0,0.0,0.0,0.2827243843900368
0.1578947368421052,1.0,0.0,0.5,0.5,0.3999999999999999,1.0,0.0556245410939342
0.0,0.0,0.0,0.0,1.0,1.0,1.0,0.0755878674340923
0.0,0.5,1.0000000000000002,1.0,1.0,0.3999999999999999,0.0,0.1426230076822676
0.1578947368421052,0.5,0.3902439024390244,0.5,0.5,1.0,0.0,0.0535132082001731
0.0,0.5,0.3902439024390244,0.5,0.0,0.0,0.0,0.1779920049791518
1.0000000000000002,0.0,1.0000000000000002,1.0,1.0,0.3999999999999999,0.0,0.1996732760477594
0.0,0.0,0.0,0.0,0.0,1.0,0.0,0.0383119964106057
0.0,0.0,0.0,0.0,0.5,1.0,1.0,0.0492916333749364
0.0,0.5,0.0,0.5,1.0,0.6000000000000001,0.0,0.0850035137007375
0.1578947368421052,0.5,1.0000000000000002,1.0,0.5,1.0,1.0,0.0586541433608511
0.0,0.0,1.0000000000000002,0.5,0.0,1.0,0.0,0.095143045530958
0.0,0.0,0.0,1.0,1.0,1.0,1.0,0.0757547204895263
0.1578947368421052,0.5,1.0000000000000002,0.0,0.5,0.3999999999999999,0.0,0.1215770617093511
1.0000000000000002,0.5,1.0000000000000002,0.5,0.0,1.0,1.0,0.2738683376016163
0.0,0.0,1.0000000000000002,0.5,0.0,1.0,1.0,0.0756340728955971
0.1578947368421052,0.0,1.0000000000000002,0.5,1.0,0.2,1.0,0.1430812118421902
0.0,0.0,1.0000000000000002,0.5,0.5,0.8,1.0,0.0812172328274273
0.1578947368421052,0.5,0.0,0.5,0.5,0.0,1.0,0.0873137867759776
0.1578947368421052,0.5,1.0000000000000002,0.0,0.0,0.0,1.0,0.2345981875201808
1.0000000000000002,0.0,1.0000000000000002,1.0,0.5,1.0,1.0,0.0784288615741167
0.0,1.0,0.3902439024390244,0.5,1.0,1.0,1.0,0.0907150221367478
1.0000000000000002,1.0,0.0,0.5,0.5,0.3999999999999999,1.0,0.1546967514704808
0.1578947368421052,0.0,0.3902439024390244,0.5,0.0,0.2,0.0,0.1073361534280586
1.0000000000000002,1.0,0.3902439024390244,0.5,0.0,0.6000000000000001,0.0,0.2046243195965031
0.1578947368421052,1.0,0.3902439024390244,0.5,0.0,0.3999999999999999,1.0,0.0569208609861522
0.1578947368421052,0.0,1.0000000000000002,0.0,0.0,0.0,1.0,0.2330445288770818
0.0,0.5,1.0000000000000002,1.0,0.0,1.0,0.0,0.0850150650661137
0.1578947368421052,1.0,0.0,0.5,1.0,1.0,0.0,0.1235722392068293
1.0000000000000002,0.0,0.0,0.0,0.5,1.0,1.0,0.0675736584845885
0.0,1.0,0.0,0.5,0.0,1.0,0.0,0.0437009650556116
1.0000000000000002,0.0,0.0,0.5,1.0,0.2,0.0,0.1856287409778622
0.0,0.5,0.3902439024390244,0.5,0.0,0.8,0.0,0.0498039364293709
0.0,0.0,0.3902439024390244,0.5,0.0,0.8,0.0,0.0563753798433872
0.0,0.5,1.0000000000000002,0.0,1.0,0.0,0.0,0.2899491216903293
0.1578947368421052,0.5,1.0000000000000002,0.5,0.5,0.2,1.0,0.1321074147347997
0.0,1.0,1.0000000000000002,0.5,0.0,0.0,1.0,0.2304865431887743
0.0,0.5,1.0000000000000002,1.0,0.0,0.3999999999999999,1.0,0.1050894128623876
0.0,0.5,0.3902439024390244,0.5,1.0,0.3999999999999999,0.0,0.0938595604891579
0.0,0.0,1.0000000000000002,1.0,0.0,1.0,1.0,0.0775406899251911
0.0,0.0,0.0,0.5,0.5,0.3999999999999999,0.0,0.0504891249189358
1.0000000000000002,1.0,0.0,0.5,0.0,0.8,1.0,0.0473909845507868
0.0,1.0,0.0,0.5,1.0,1.0,0.0,0.1101598205200187
0.1578947368421052,1.0,0.0,0.5,0.0,0.3999999999999999,1.0,0.0351272849763872
1.0000000000000002,0.5,1.0000000000000002,0.5,1.0,0.3999999999999999,0.0,0.2342728240620845
0.0,1.0,0.3902439024390244,0.5,1.0,1.0,0.0,0.0979025383708281
0.0,1.0,0.0,0.5,1.0,0.6000000000000001,1.0,0.0794203537689073
1.0000000000000002,1.0,0.0,0.5,0.5,0.2,0.0,0.182163331365002
0.0,0.5,0.0,0.5,0.5,0.2,1.0,0.0454208350116237
0.1578947368421052,1.0,0.0,0.5,0.0,0.0,0.0,0.1039990923193784
1.0000000000000002,1.0,1.0000000000000002,0.5,0.5,0.8,1.0,0.1244065044839993
1.0000000000000002,1.0,0.3902439024390244,0.5,1.0,0.2,1.0,0.159060600612601
1.0000000000000002,1.0,1.0000000000000002,0.5,1.0,0.6000000000000001,1.0,0.2523057888993754
1.0000000000000002,1.0,0.3902439024390244,0.5,0.5,0.2,0.0,0.2643705482922959
0.0,0.5,1.0000000000000002,0.5,0.5,1.0,1.0,0.0616119988139314
1.0000000000000002,0.5,0.0,0.5,1.0,1.0,1.0,0.1613708736878411
0.0,1.0,0.0,0.5,1.0,1.0,1.0,0.0977741898666481
0.0,0.5,0.0,0.5,0.0,0.6000000000000001,0.0,0.0396194826226874
0.1578947368421052,0.0,0.0,0.0,0.5,0.3999999999999999,0.0,0.053466810215912
0.0,0.5,0.3902439024390244,0.5,0.0,0.6000000000000001,1.0,0.0459278116031347
0.1578947368421052,0.0,1.0000000000000002,0.5,1.0,1.0,0.0,0.1355728243476599
1.0000000000000002,0.0,1.0000000000000002,0.5,0.5,0.8,1.0,0.1231871936942893
0.0,1.0,0.3902439024390244,0.5,0.5,1.0,0.0,0.0478145346145808
0.1578947368421052,0.5,0.3902439024390244,0.5,0.0,0.3999999999999999,1.0,0.0574984292549622
0.0,0.5,0.0,0.0,0.0,0.3999999999999999,0.0,0.0379604498576566
0.1578947368421052,0.5,0.0,0.5,0.0,0.2,1.0,0.0493611340899499
0.0,0.5,1.0000000000000002,0.0,0.0,1.0,0.0,0.0846325865236573
1.0000000000000002,0.0,1.0000000000000002,0.5,0.5,0.3999999999999999,0.0,0.2338236042974545
0.0,1.0,0.0,0.5,0.5,0.3999999999999999,0.0,0.0540907764689831
0.1578947368421052,0.5,1.0000000000000002,1.0,0.5,1.0,0.0,0.0745803316762792
0.0,0.0,0.3902439024390244,0.5,1.0,0.8,1.0,0.0848751651965575
1.0000000000000002,0.0,1.0000000000000002,0.5,0.0,1.0,0.0,0.2715580645263762
0.0,1.0,0.3902439024390244,0.5,0.0,0.8,1.0,0.0385541900379934
1.0000000000000002,0.0,0.3902439024390244,0.5,0.0,0.8,1.0,0.1450706136569803
0.1578947368421052,0.5,0.0,0.5,1.0,1.0,0.0,0.1145878439142289
1.0000000000000002,0.0,0.0,0.5,1.0,0.8,1.0,0.1583546838396109
0.1578947368421052,0.5,0.0,0.5,0.0,1.0,0.0,0.0431683187632646
0.0,1.0,0.0,0.5,0.0,0.0,1.0,0.0594236568176623
0.1578947368421052,0.5,1.0000000000000002,0.0,0.0,0.0,0.0,0.270397794048589
1.0000000000000002,0.0,0.0,0.0,0.5,0.0,1.0,0.1247209583192404
1.0000000000000002,1.0,0.3902439024390244,0.5,0.5,0.3999999999999999,0.0,0.2341444755579045
0.1578947368421052,0.5,0.0,0.5,1.0,0.2,1.0,0.073323799820357
0.1578947368421052,1.0,0.3902439024390244,0.5,1.0,1.0,0.0,0.115678806199759
1.0000000000000002,0.0,0.0,0.5,0.5,0.6000000000000001,1.0,0.1319790662306197
0.1578947368421052,1.0,0.3902439024390244,0.5,0.0,1.0,0.0,0.0495600742714289
1.0000000000000002,1.0,0.0,0.5,0.0,0.6000000000000001,1.0,0.0980308868750081
0.1578947368421052,0.0,0.0,1.0,0.0,0.3999999999999999,1.0,0.0337279012353126
0.0,1.0,0.3902439024390244,0.5,0.5,0.2,1.0,0.0788427855000972
1.0000000000000002,1.0,0.3902439024390244,0.5,0.0,0.2,0.0,0.2639213285276659
1.0000000000000002,0.0,0.0,1.0,0.0,0.3999999999999999,0.0,0.0952758862327843
0.0,0.5,1.0000000000000002,1.0,0.5,1.0,1.0,0.0617440694247327
0.0,0.5,0.3902439024390244,0.5,0.5,0.0,1.0,0.1425036435733802
0.0,0.5,1.0000000000000002,0.5,0.0,0.0,1.0,0.2347220438267145
1.0000000000000002,1.0,0.3902439024390244,0.5,0.5,1.0,0.0,0.1501403795720906
0.0,0.0,0.0,0.5,0.0,0.6000000000000001,0.0,0.0415126230593425
0.0,0.0,0.0,0.0,1.0,0.0,0.0,0.0884240013371347
0.0,0.0,1.0000000000000002,1.0,0.0,0.0,0.0,0.2925674311756014
0.0,0.0,1.0000000000000002,0.5,0.5,0.2,0.0,0.1884524080698223
0.0,0.0,1.0000000000000002,0.0,1.0,0.3999999999999999,1.0,0.1246105786056456
0.0,0.0,0.3902439024390244,0.5,0.0,0.2,0.0,0.1081062444531386
0.1578947368421052,0.5,0.3902439024390244,0.5,1.0,0.8,0.0,0.1048975318486384
0.0,0.0,0.0,0.0,0.5,0.8,1.0,0.0467620768803047
0.0,0.0,0.0,1.0,1.0,1.0,0.0,0.0848700312563903
1.0000000000000002,0.0,1.0000000000000002,0.5,0.5,0.2,0.0,0.2598783506459957
1.0000000000000002,1.0,0.0,0.5,0.5,0.8,0.0,0.1385248399438
1.0000000000000002,1.0,1.0000000000000002,0.5,0.0,0.6000000000000001,0.0,0.2788097550125466
1.0000000000000002,0.0,1.0000000000000002,1.0,1.0,1.0,0.0,0.2167962499904139
0.0,0.5,0.3902439024390244,0.5,1.0,1.0,0.0,0.095399742539318
1.0000000000000002,0.5,0.0,0.5,0.5,0.8,1.0,0.1276793913405895
1.0000000000000002,0.0,0.3902439024390244,0.5,1.0,1.0,0.0,0.2438989618755849
0.0,0.5,1.0000000000000002,0.5,0.0,0.2,0.0,0.1765159971810818
0.0,0.5,0.0,0.5,0.0,0.8,0.0,0.0409093850896965
1.0000000000000002,0.5,0.0,0.5,0.5,0.2,1.0,0.159702343133501
1.0000000000000002,1.0,1.0000000000000002,0.5,0.5,0.3999999999999999,1.0,0.2053944106215831
0.0,0.5,1.0000000000000002,1.0,1.0,0.0,1.0,0.2417086946517531
0.1578947368421052,0.0,1.0000000000000002,0.5,0.5,0.6000000000000001,0.0,0.1100956462679287
0.1578947368421052,1.0,0.3902439024390244,0.5,1.0,0.8,0.0,0.1092613809907586
0.1578947368421052,0.5,1.0000000000000002,0.0,0.5,0.3999999999999999,1.0,0.0958958095079737
0.1578947368421052,0.0,1.0000000000000002,1.0,0.0,0.0,1.0,0.2330759742606059
0.1578947368421052,0.0,0.3902439024390244,0.5,0.5,0.2,1.0,0.0888539688261377
0.1578947368421052,0.5,0.3902439024390244,0.5,1.0,0.0,0.0,0.1824200283733621
0.0,0.5,0.0,1.0,1.0,1.0,1.0,0.1138017093261264
0.1578947368421052,0.0,1.0000000000000002,0.5,0.0,0.8,0.0,0.1025230845213083
0.0,1.0,0.0,0.5,0.5,0.2,0.0,0.0563625449929692
0.1578947368421052,0.5,0.3902439024390244,0.5,0.0,0.6000000000000001,0.0,0.0594878310697523
0.0,0.5,0.0,0.0,1.0,1.0,1.0,0.0346336566293109
0.1578947368421052,0.5,1.0000000000000002,0.5,0.5,0.6000000000000001,1.0,0.0772384291978472
0.0,0.0,0.0,1.0,0.5,0.0,1.0,0.0664277630392694
1.0000000000000002,0.0,0.0,0.0,0.5,0.3999999999999999,0.0,0.1076666508263221
1.0000000000000002,1.0,1.0000000000000002,0.5,0.0,0.3999999999999999,0.0,0.2714297160221962
0.0,0.5,1.0000000000000002,1.0,1.0,0.3999999999999999,1.0,0.1165952145196042
0.1578947368421052,0.0,1.0000000000000002,0.5,0.0,0.0,0.0,0.2738683376016163
0.0,0.5,1.0000000000000002,0.0,0.0,0.3999999999999999,0.0,0.1284674511562547
0.1578947368421052,0.0,0.0,0.0,0.0,0.3999999999999999,1.0,0.0337128844603235
0.0,0.5,0.0,0.5,0.5,0.6000000000000001,0.0,0.0558491509762492
1.0000000000000002,1.0,1.0000000000000002,0.5,1.0,0.8,0.0,0.2837511724234768
1.0000000000000002,0.0,1.0000000000000002,0.5,0.0,0.6000000000000001,1.0,0.2403052037585447
1.0000000000000002,0.0,1.0000000000000002,1.0,0.5,0.3999999999999999,1.0,0.1696878567587054
1.0000000000000002,1.0,1.0000000000000002,0.5,1.0,0.3999999999999999,0.0,0.2321550737431144
0.0,1.0,1.0000000000000002,0.5,0.5,0.2,1.0,0.1355086500955699
0.0,0.0,1.0000000000000002,0.5,1.0,0.0,1.0,0.2419095600607948
0.0,1.0,0.0,0.5,0.0,0.6000000000000001,0.0,0.0397285788512404
1.0000000000000002,0.5,0.3902439024390244,0.5,0.5,0.6000000000000001,1.0,0.160408259906491
0.0,0.5,1.0000000000000002,0.5,1.0,0.8,1.0,0.1025230845213083
0.0,0.0,0.3902439024390244,0.5,0.5,0.6000000000000001,0.0,0.0710777009972069
0.1578947368421052,0.0,1.0000000000000002,0.5,1.0,0.6000000000000001,1.0,0.1142027984016889
0.0,0.5,0.0,0.5,0.0,1.0,0.0,0.0428666997784416
0.1578947368421052,0.5,1.0000000000000002,1.0,0.5,0.3999999999999999,1.0,0.0959375227718322
0.0,0.5,0.3902439024390244,0.5,1.0,0.8,0.0,0.0920626814306379
0.1578947368421052,0.0,1.0000000000000002,0.0,1.0,0.3999999999999999,0.0,0.1450475109262279
0.0,0.0,0.3902439024390244,0.5,0.0,0.3999999999999999,1.0,0.0618366086962464
0.1578947368421052,0.0,0.0,0.5,0.0,0.3999999999999999,1.0,0.0369241640349073
1.0000000000000002,0.5,0.3902439024390244,0.5,1.0,0.0,0.0,0.3191753595771585
0.1578947368421052,1.0,0.0,0.5,1.0,0.6000000000000001,1.0,0.0909717191451078
0.0,0.0,0.0,0.0,0.5,0.3999999999999999,1.0,0.043225690544633
0.0,0.5,0.0,0.5,0.0,0.2,1.0,0.0381883968010803
0.0,0.5,1.0000000000000002,0.5,0.0,0.2,1.0,0.1401291962460501
0.0,0.0,0.0,0.5,0.0,0.3999999999999999,0.0,0.0431041445111746
0.1578947368421052,0.0,1.0000000000000002,0.5,0.5,1.0,0.0,0.0889823173303177
1.0000000000000002,0.0,0.0,1.0,0.0,0.0,0.0,0.1652867865503731
1.0000000000000002,1.0,0.0,0.5,1.0,0.0,1.0,0.1083629414614986
1.0000000000000002,0.0,1.0000000000000002,0.5,1.0,1.0,1.0,0.2729057238202663
0.0,1.0,0.3902439024390244,0.5,0.5,0.0,0.0,0.1744624211142017
1.0000000000000002,0.0,0.0,1.0,0.5,0.0,1.0,0.1226352951263153
0.1578947368421052,0.5,0.0,0.5,0.5,0.6000000000000001,0.0,0.0645575969848626
0.0,0.0,1.0000000000000002,1.0,0.0,1.0,0.0,0.0969521176973752
0.1578947368421052,0.5,0.0,0.5,1.0,1.0,1.0,0.0971324473457481
0.1578947368421052,0.5,1.0000000000000002,1.0,1.0,0.3999999999999999,1.0,0.1136643764266538
1.0000000000000002,1.0,0.3902439024390244,0.5,0.0,0.3999999999999999,1.0,0.2010305614794629
0.0,0.5,0.0,1.0,0.5,1.0,0.0,0.0793747900499234
0.1578947368421052,0.5,1.0000000000000002,0.5,0.0,0.6000000000000001,0.0,0.1045124863360984
0.0,0.0,0.3902439024390244,0.5,0.5,0.3999999999999999,0.0,0.0841692484235675
1.0000000000000002,0.0,1.0000000000000002,0.5,0.0,0.0,0.0,0.3286731488864789
0.0,0.0,0.0,1.0,0.5,1.0,1.0,0.0493394431927434
1.0000000000000002,0.0,0.0,0.5,0.5,1.0,1.0,0.1124059193431688
0.0,1.0,1.0000000000000002,0.5,0.5,0.8,0.0,0.0796128765251773
1.0000000000000002,0.0,0.0,0.0,1.0,0.3999999999999999,1.0,0.1079458088229136
0.0,1.0,0.0,0.5,0.5,0.0,1.0,0.0636591574556025
0.0,0.0,0.0,1.0,0.0,0.3999999999999999,1.0,0.0337588973990721
1.0000000000000002,1.0,0.3902439024390244,0.5,0.5,0.6000000000000001,1.0,0.1749758151309217
1.0000000000000002,0.5,0.0,0.5,1.0,0.2,1.0,0.158803903604241
1.0000000000000002,1.0,1.0000000000000002,0.5,0.5,1.0,1.0,0.1071436306717886
1.0000000000000002,0.5,0.0,0.5,0.5,0.6000000000000001,1.0,0.13903823396052
1.0000000000000002,1.0,1.0000000000000002,0.5,0.0,1.0,0.0,0.2991529929250775
0.1578947368421052,1.0,1.0000000000000002,0.5,0.0,0.6000000000000001,1.0,0.0846826424402875
1.0000000000000002,0.5,0.3902439024390244,0.5,0.0,0.6000000000000001,0.0,0.1926879087077625
0.1578947368421052,1.0,0.0,0.5,1.0,0.2,1.0,0.0758907699039571
1.0000000000000002,0.0,1.0000000000000002,0.5,0.0,0.2,1.0,0.2378024079270346
0.0,1.0,1.0000000000000002,0.5,0.5,0.3999999999999999,1.0,0.096041485060218
1.0000000000000002,1.0,1.0000000000000002,0.5,1.0,1.0,1.0,0.2940832270099673
0.0,0.0,0.3902439024390244,0.5,1.0,0.3999999999999999,0.0,0.0990576749084482
0.1578947368421052,1.0,0.3902439024390244,0.5,1.0,0.3999999999999999,0.0,0.1030364785380283
0.0,0.0,1.0000000000000002,0.5,0.0,0.8,1.0,0.0814739298357874
1.0000000000000002,0.5,0.0,0.5,0.5,1.0,1.0,0.1207485721148692
0.0,0.5,1.0000000000000002,0.0,0.0,0.3999999999999999,1.0,0.1047993452429407
1.0000000000000002,1.0,1.0000000000000002,0.5,0.0,0.6000000000000001,1.0,0.2625736692337758
0.1578947368421052,0.0,0.0,1.0,0.0,0.3999999999999999,0.0,0.0415950227990261
0.0,0.0,0.3902439024390244,0.5,0.0,0.0,0.0,0.1842169074318821
1.0000000000000002,0.0,0.0,1.0,1.0,0.3999999999999999,1.0,0.1073984024525858
1.0000000000000002,0.5,0.0,0.5,0.0,0.0,0.0,0.2016081297482729
1.0000000000000002,0.0,0.0,0.0,1.0,1.0,1.0,0.1053384089604968
1.0000000000000002,0.0,0.0,0.5,1.0,0.6000000000000001,1.0,0.1620126162087411
0.0,0.5,0.0,0.0,0.0,0.0,0.0,0.0761750618407158
0.0,1.0,0.0,0.5,0.0,0.2,0.0,0.0475385853305938
0.1578947368421052,0.5,0.3902439024390244,0.5,0.5,0.6000000000000001,0.0,0.0654046971124506
0.1578947368421052,0.0,0.3902439024390244,0.5,0.0,0.6000000000000001,0.0,0.0641212120706506
0.1578947368421052,0.0,0.0,0.5,0.5,0.8,0.0,0.0617403473181114
0.0,0.0,1.0000000000000002,0.5,0.5,0.3999999999999999,0.0,0.1426961663296502
0.1578947368421052,0.5,0.0,0.0,0.0,0.0,0.0,0.0916295052290303
0.0,0.0,0.0,0.5,1.0,0.2,1.0,0.0584353733354763
0.0,0.5,1.0000000000000002,0.5,0.5,0.0,0.0,0.2859330969945369
1.0000000000000002,1.0,1.0000000000000002,0.5,0.5,0.0,0.0,0.3811035128440113
0.1578947368421052,0.5,0.3902439024390244,0.5,0.0,0.8,0.0,0.052216888307955
1.0000000000000002,0.5,0.3902439024390244,0.5,0.5,0.2,1.0,0.1756175576518218
0.1578947368421052,1.0,1.0000000000000002,0.5,0.0,0.3999999999999999,0.0,0.1204277008544192
1.0000000000000002,0.0,1.0000000000000002,1.0,0.0,0.3999999999999999,1.0,0.2096542974753175
0.0,0.0,0.3902439024390244,0.5,1.0,0.8,0.0,0.095463916791408
0.1578947368421052,0.0,0.0,0.5,0.0,1.0,0.0,0.0431747361884736
1.0000000000000002,0.0,0.3902439024390244,0.5,0.0,0.3999999999999999,1.0,0.1760026031643618
0.0,0.5,1.0000000000000002,0.5,0.5,0.0,1.0,0.2354921348517945
1.0000000000000002,0.0,1.0000000000000002,0.5,0.5,0.0,1.0,0.2548085847308854
0.0,0.5,1.0000000000000002,0.5,0.5,0.6000000000000001,0.0,0.1039990923193784
0.1578947368421052,0.5,0.0,0.0,0.5,1.0,0.0,0.0609553678665465
0.0,1.0,0.3902439024390244,0.5,0.0,0.3999999999999999,0.0,0.0692679870882688
1.0000000000000002,0.0,0.0,0.0,0.0,1.0,1.0,0.0296274873980219
0.1578947368421052,1.0,0.3902439024390244,0.5,1.0,0.8,1.0,0.1004695084544282
0.1578947368421052,0.0,1.0000000000000002,1.0,1.0,1.0,1.0,0.1168499863004015
1.0000000000000002,0.0,1.0000000000000002,0.5,1.0,0.3999999999999999,0.0,0.2292672323990642
0.0,0.0,0.0,0.0,0.5,1.0,0.0,0.0562140457736329
1.0000000000000002,0.0,0.0,1.0,0.0,1.0,1.0,0.0296987208178418
1.0000000000000002,1.0,0.0,0.5,0.5,0.0,1.0,0.1795321870293119
0.1578947368421052,1.0,0.0,0.5,0.5,0.2,1.0,0.0622537413348315
0.1578947368421052,0.0,0.0,0.5,1.0,0.8,0.0,0.0928969467078079
1.0000000000000002,0.0,0.3902439024390244,0.5,0.5,0.6000000000000001,1.0,0.1503329023283606
0.1578947368421052,0.0,1.0000000000000002,1.0,0.0,0.3999999999999999,0.0,0.1317698581688063
0.0,1.0,1.0000000000000002,0.5,0.5,1.0,1.0,0.0548287803680181
0.1578947368421052,0.5,1.0000000000000002,0.5,0.0,0.8,1.0,0.0783935657354672
1.0000000000000002,1.0,1.0000000000000002,0.5,0.5,1.0,0.0,0.1338401195412298
0.0,0.5,0.0,0.0,0.0,0.0,1.0,0.0604365832126509
1.0000000000000002,0.0,1.0000000000000002,0.5,0.5,0.2,1.0,0.1890299763386324
0.1578947368421052,0.0,0.0,1.0,0.5,0.0,1.0,0.0789249285427724
0.1578947368421052,0.5,1.0000000000000002,0.5,1.0,0.2,0.0,0.1697777007116315
1.0000000000000002,1.0,1.0000000000000002,0.5,0.0,0.2,0.0,0.2951741892954973
0.0,1.0,0.3902439024390244,0.5,1.0,0.6000000000000001,1.0,0.0796128765251773
0.1578947368421052,0.5,0.0,0.5,0.5,0.0,0.0,0.1050900546049084
0.1578947368421052,1.0,1.0000000000000002,0.5,1.0,0.6000000000000001,0.0,0.1244065044839993
0.1578947368421052,0.0,0.3902439024390244,0.5,0.0,0.0,1.0,0.1580979868312509
0.1578947368421052,0.5,1.0000000000000002,0.5,0.5,0.0,1.0,0.2222722389212539
0.0,0.0,0.3902439024390244,0.5,0.5,0.0,0.0,0.1854362182215922
0.0,0.5,0.0,0.5,0.5,0.6000000000000001,1.0,0.0461973434619127
0.0,0.5,0.0,0.0,1.0,0.0,1.0,0.069597586047003
0.0,0.0,0.3902439024390244,0.5,0.5,1.0,0.0,0.0602450872444144
1.0000000000000002,0.0,0.3902439024390244,0.5,1.0,0.8,1.0,0.2263793910550141
1.0000000000000002,0.0,1.0000000000000002,0.0,0.0,0.0,0.0,0.5189536567884631
1.0000000000000002,1.0,0.0,0.5,0.5,0.0,0.0,0.1973084548582428
0.1578947368421052,0.5,1.0000000000000002,0.0,0.5,0.0,1.0,0.2354728825761675
1.0000000000000002,0.0,0.3902439024390244,0.5,0.0,0.2,0.0,0.2471076744800851
0.1578947368421052,0.5,1.0000000000000002,0.0,1.0,0.3999999999999999,0.0,0.1371887320152862
1.0000000000000002,0.5,0.0,0.5,0.0,0.3999999999999999,1.0,0.1348027333225799
1.0000000000000002,0.0,0.0,1.0,0.0,0.3999999999999999,1.0,0.0756231632727418
0.0,0.5,0.0,0.0,1.0,0.3999999999999999,1.0,0.0614195402319135
0.1578947368421052,0.0,0.0,0.0,0.5,0.0,1.0,0.0789608661239428
0.0,0.5,0.3902439024390244,0.5,1.0,0.8,1.0,0.0830141118859474
0.0,0.0,0.3902439024390244,0.5,0.0,0.6000000000000001,0.0,0.0644934227327726
0.1578947368421052,1.0,0.0,0.5,0.5,0.6000000000000001,0.0,0.0673106723995237
1.0000000000000002,0.5,1.0000000000000002,0.5,0.0,0.3999999999999999,0.0,0.2717505872826463
0.1578947368421052,0.5,0.3902439024390244,0.5,1.0,1.0,0.0,0.1099031235116587
1.0000000000000002,1.0,0.3902439024390244,0.5,0.5,0.2,1.0,0.1872330972801122
0.1578947368421052,0.5,1.0000000000000002,1.0,0.0,1.0,1.0,0.0751052770583755
0.0,1.0,1.0000000000000002,0.5,1.0,0.0,1.0,0.2315133312222143
0.1578947368421052,0.0,0.0,0.5,0.0,0.0,0.0,0.1034856983026584
1.0000000000000002,0.0,0.0,0.5,1.0,1.0,0.0,0.1701627462241715
0.0,0.0,1.0000000000000002,0.5,1.0,1.0,1.0,0.1109940857971887
0.0,0.5,1.0000000000000002,1.0,0.5,0.0,1.0,0.2409957187110332
0.1578947368421052,0.5,1.0000000000000002,1.0,1.0,1.0,0.0,0.125320345833761
1.0000000000000002,0.0,0.3902439024390244,0.5,0.5,0.8,1.0,0.1207485721148692
0.0,0.0,1.0000000000000002,0.5,1.0,1.0,0.0,0.1285136566177596
0.1578947368421052,1.0,1.0000000000000002,0.5,0.0,0.8,0.0,0.095271394035138
0.0,0.5,1.0000000000000002,0.0,0.5,0.3999999999999999,1.0,0.1036467756754043
0.1578947368421052,0.0,0.3902439024390244,0.5,1.0,0.0,0.0,0.1860137864904022
0.1578947368421052,0.5,1.0000000000000002,0.5,0.5,0.3999999999999999,1.0,0.096234007816488
0.0,0.5,1.0000000000000002,1.0,0.0,0.3999999999999999,0.0,0.1285669212469943
0.0,0.0,0.3902439024390244,0.5,0.0,0.3999999999999999,0.0,0.0789711340042772
1.0000000000000002,1.0,0.0,0.5,0.5,1.0,1.0,0.116705594233199
1.0000000000000002,0.5,0.0,0.5,1.0,0.8,1.0,0.158932252108421
0.0,0.5,0.3902439024390244,0.5,0.0,0.3999999999999999,0.0,0.0724895345431869
0.1578947368421052,1.0,1.0000000000000002,0.5,0.0,0.6000000000000001,0.0,0.1029723042859384
0.1578947368421052,0.5,0.3902439024390244,0.5,1.0,0.3999999999999999,0.0,0.1020738647566783
0.0,1.0,0.0,0.5,0.5,0.6000000000000001,1.0,0.0483471809069278
0.0,0.0,0.3902439024390244,0.5,1.0,0.2,0.0,0.1185666475438091
0.1578947368421052,0.5,0.0,0.0,0.0,1.0,0.0,0.0356045488891806
1.0000000000000002,1.0,0.0,0.5,1.0,0.3999999999999999,1.0,0.1707403144929815
1.0000000000000002,0.0,0.0,0.5,0.0,0.2,1.0,0.1661839425945913
0.0,0.5,0.0,0.5,1.0,0.0,0.0,0.0853243849611875
0.0,0.0,1.0000000000000002,0.5,1.0,0.2,0.0,0.1915327721701425
1.0000000000000002,1.0,0.0,0.5,1.0,0.8,1.0,0.1834468164068021
0.1578947368421052,0.5,0.3902439024390244,0.5,0.0,1.0,0.0,0.0482188324027478
0.1578947368421052,0.0,0.0,1.0,0.0,0.0,0.0,0.0922680390373259
0.1578947368421052,0.5,1.0000000000000002,0.5,1.0,0.0,0.0,0.2625094949816858
0.0,0.0,1.0000000000000002,0.5,0.5,0.2,1.0,0.1489210687823805
0.1578947368421052,0.0,1.0000000000000002,1.0,0.5,1.0,0.0,0.0888379252631152
0.1578947368421052,0.0,1.0000000000000002,0.0,0.0,1.0,0.0,0.0969335071642691
0.1578947368421052,1.0,0.0,0.5,0.0,0.6000000000000001,0.0,0.0431041445111746
0.0,1.0,1.0000000000000002,0.5,0.0,0.8,0.0,0.0860944759862676
0.1578947368421052,0.0,0.3902439024390244,0.5,1.0,0.6000000000000001,0.0,0.1022663875129483
0.0,0.0,0.3902439024390244,0.5,1.0,1.0,0.0,0.0979667126229181
0.1578947368421052,0.5,0.0,0.5,0.5,1.0,0.0,0.072938754307817
1.0000000000000002,0.0,1.0000000000000002,1.0,0.0,1.0,0.0,0.202519404127951
0.0,1.0,0.0,0.5,1.0,0.8,0.0,0.1015604707399583
0.1578947368421052,0.0,0.0,1.0,0.5,0.3999999999999999,0.0,0.0534651416853576
1.0000000000000002,0.0,1.0000000000000002,0.0,0.0,1.0,0.0,0.2023255978866392
0.0,0.5,0.0,1.0,1.0,0.0,0.0,0.0862061391849042
0.0,0.0,0.0,1.0,1.0,0.3999999999999999,0.0,0.068130177598713
0.1578947368421052,0.0,1.0000000000000002,1.0,1.0,0.0,0.0,0.2693459780568338
0.1578947368421052,1.0,1.0000000000000002,0.5,1.0,0.8,0.0,0.1251124212569894
0.0,0.5,1.0000000000000002,1.0,1.0,1.0,1.0,0.1049822418613972
0.0,0.0,1.0000000000000002,0.5,0.0,0.2,0.0,0.1865913547592122
0.0,0.0,0.0,0.5,0.5,0.0,0.0,0.0840408999193875
0.0,0.5,1.0000000000000002,0.5,0.0,0.8,0.0,0.0907791963888378
1.0000000000000002,0.5,1.0000000000000002,0.5,0.0,0.6000000000000001,0.0,0.2677717836530661
0.0,1.0,1.0000000000000002,0.5,1.0,0.8,0.0,0.1142669726537789
1.0000000000000002,0.0,1.0000000000000002,0.5,1.0,0.6000000000000001,1.0,0.2401126810022747
0.1578947368421052,0.0,0.0,1.0,0.5,1.0,1.0,0.0497572175738494
0.1578947368421052,0.5,0.3902439024390244,0.5,0.5,1.0,1.0,0.0436945476304026
1.0000000000000002,0.0,1.0000000000000002,0.5,1.0,0.0,1.0,0.2693119657032261
0.1578947368421052,1.0,0.0,0.5,0.0,0.8,1.0,0.031238325299733
1.0000000000000002,0.0,1.0000000000000002,0.5,1.0,0.2,0.0,0.2623811464775058
0.1578947368421052,0.0,1.0000000000000002,1.0,1.0,0.0,1.0,0.2336958975357954
0.1578947368421052,0.0,0.0,0.5,0.0,0.3999999999999999,0.0,0.0478979611422978
1.0000000000000002,0.0,0.0,0.5,0.0,0.2,0.0,0.1946773105225526
0.0,0.5,1.0000000000000002,0.0,0.5,0.0,0.0,0.2900004610920013
0.1578947368421052,0.0,0.0,0.5,0.5,0.0,0.0,0.1042557893277384
0.0,0.0,0.3902439024390244,0.5,0.5,0.2,0.0,0.1115074798139088
0.0,0.5,1.0000000000000002,0.5,0.0,1.0,1.0,0.0668871223357297
0.1578947368421052,0.0,0.0,0.0,0.5,1.0,0.0,0.0568443011034088
1.0000000000000002,0.0,0.0,0.5,0.0,0.0,1.0,0.1681091701572914
0.1578947368421052,0.5,0.0,0.0,0.5,0.0,0.0,0.0965888914305457
1.0000000000000002,0.0,0.3902439024390244,0.5,0.0,1.0,1.0,0.1401291962460501
0.0,0.0,0.3902439024390244,0.5,1.0,0.2,1.0,0.095335568287228
0.1578947368421052,1.0,0.3902439024390244,0.5,0.5,0.3999999999999999,1.0,0.0608354903636424
0.0,0.0,1.0000000000000002,0.0,0.5,0.0,0.0,0.293937551457723
0.0,1.0,0.0,0.5,0.5,1.0,0.0,0.0703717842242168
1.0000000000000002,0.0,0.0,0.5,0.0,0.8,1.0,0.0447277530890516
1.0000000000000002,1.0,0.3902439024390244,0.5,0.0,0.8,1.0,0.1696493522074514
0.0,1.0,0.3902439024390244,0.5,0.0,0.0,1.0,0.13781892317081
1.0000000000000002,0.5,0.3902439024390244,0.5,0.0,0.0,0.0,0.2831736041546668
0.0,0.0,1.0000000000000002,0.5,0.0,0.0,0.0,0.2928639162202572
0.1578947368421052,1.0,1.0000000000000002,0.5,0.5,0.3999999999999999,1.0,0.0919985071785478
0.0,0.0,1.0000000000000002,0.5,0.0,0.3999999999999999,0.0,0.1406425902627701
0.1578947368421052,0.0,1.0000000000000002,0.5,1.0,0.0,1.0,0.2222080646691639
0.1578947368421052,0.5,0.0,1.0,0.0,0.3999999999999999,1.0,0.0312478872632944
0.0,0.5,0.0,0.0,0.5,1.0,1.0,0.0498403232303059
0.1578947368421052,0.0,0.0,0.0,0.5,0.0,0.0,0.0960273667247582
1.0000000000000002,0.0,1.0000000000000002,0.5,0.5,0.8,0.0,0.1585472065958809
0.1578947368421052,0.0,1.0000000000000002,0.0,1.0,0.0,1.0,0.2336439163916024
1.0000000000000002,0.5,0.0,0.5,0.5,0.2,0.0,0.1846019529444221
0.0,0.5,0.3902439024390244,0.5,1.0,0.0,1.0,0.1442363483798103
0.0,0.0,1.0000000000000002,0.0,1.0,0.0,1.0,0.250613513871762
1.0000000000000002,1.0,0.0,0.5,0.5,0.6000000000000001,0.0,0.1623334874691911
1.0000000000000002,0.5,0.0,0.5,0.5,0.3999999999999999,0.0,0.1764518229289918
0.1578947368421052,1.0,1.0000000000000002,0.5,0.5,0.2,0.0,0.1613066994357511
0.0,0.5,0.3902439024390244,0.5,1.0,0.2,1.0,0.0911642419013778
0.1578947368421052,0.5,0.0,0.0,1.0,0.3999999999999999,0.0,0.0785527178806504
0.0,0.0,0.3902439024390244,0.5,1.0,1.0,1.0,0.0885972718177777
0.0,1.0,0.0,0.5,1.0,0.6000000000000001,0.0,0.0900732796158478
0.1578947368421052,0.0,0.3902439024390244,0.5,0.5,1.0,1.0,0.0495023174445479
0.0,1.0,1.0000000000000002,0.5,0.5,0.6000000000000001,1.0,0.0749923303746971
1.0000000000000002,0.0,0.0,0.0,1.0,0.3999999999999999,0.0,0.1225306910954086
0.0,0.0,0.0,0.5,0.5,0.2,0.0,0.0574599247037082
0.0,0.5,0.3902439024390244,0.5,0.0,0.2,0.0,0.1016246449920483
0.1578947368421052,0.0,0.0,0.5,0.0,1.0,1.0,0.0337667908320791
0.1578947368421052,0.5,0.0,1.0,0.5,0.3999999999999999,0.0,0.0542637260783656
1.0000000000000002,0.0,1.0000000000000002,0.5,0.5,1.0,1.0,0.1084912899656786
1.0000000000000002,0.0,1.0000000000000002,1.0,0.0,0.3999999999999999,0.0,0.2160678722291924
1.0000000000000002,0.5,0.0,0.5,0.0,0.0,1.0,0.1635527982589012
1.0000000000000002,0.0,1.0000000000000002,0.5,0.0,0.0,1.0,0.245567492429925
0.1578947368421052,0.5,0.0,0.5,0.5,0.6000000000000001,1.0,0.052589098970077
0.0,0.0,0.0,0.5,1.0,0.3999999999999999,0.0,0.0710135267451169
1.0000000000000002,1.0,1.0000000000000002,0.5,1.0,0.6000000000000001,0.0,0.2682210034176961
0.1578947368421052,0.5,1.0000000000000002,1.0,1.0,1.0,1.0,0.1129263725276187
1.0000000000000002,0.0,1.0000000000000002,0.5,1.0,0.8,1.0,0.2570546835540355
0.0,1.0,1.0000000000000002,0.5,0.5,0.3999999999999999,0.0,0.1222245799129393
0.0,0.5,1.0000000000000002,0.0,1.0,1.0,1.0,0.1052434310674036
1.0000000000000002,1.0,0.3902439024390244,0.5,0.0,1.0,1.0,0.1649004575527912
1.0000000000000002,0.0,1.0000000000000002,0.0,1.0,0.0,0.0,0.5304671593559306
0.0,0.5,0.0,0.0,1.0,0.3999999999999999,0.0,0.0704167062006798
0.1578947368421052,0.5,0.0,1.0,0.5,1.0,0.0,0.0615315243018106
1.0000000000000002,0.0,0.3902439024390244,0.5,0.0,0.0,0.0,0.2785530580041865
0.1578947368421052,0.0,1.0000000000000002,0.0,0.5,0.0,1.0,0.2342047993548691
0.1578947368421052,0.0,0.0,0.5,1.0,0.3999999999999999,1.0,0.0724895345431869
0.0,0.0,0.0,0.5,0.0,1.0,1.0,0.0352171289293132
0.1578947368421052,0.5,1.0000000000000002,0.0,1.0,0.3999999999999999,1.0,0.1137567873496634
0.0,1.0,0.3902439024390244,0.5,1.0,0.3999999999999999,0.0,0.0917418101701878
0.1578947368421052,0.0,0.0,0.5,1.0,0.6000000000000001,1.0,0.0784577399875572
0.0,0.0,1.0000000000000002,1.0,0.0,0.3999999999999999,0.0,0.1426756305689814
1.0000000000000002,0.0,1.0000000000000002,0.5,0.0,0.3999999999999999,0.0,0.2644988967964759
0.1578947368421052,0.0,1.0000000000000002,0.5,0.5,0.3999999999999999,1.0,0.1035498725547484
0.0,0.5,0.0,1.0,0.0,0.0,1.0,0.0606339190378277
0.1578947368421052,0.0,1.0000000000000002,0.0,0.5,0.3999999999999999,1.0,0.1033740351040218
0.1578947368421052,0.5,1.0000000000000002,0.0,0.0,0.3999999999999999,1.0,0.0992810013057214
0.1578947368421052,0.0,0.0,0.0,1.0,1.0,1.0,0.078536032575107
0.0,0.0,1.0000000000000002,0.5,0.5,0.0,1.0,0.2416528630524348
0.1578947368421052,1.0,1.0000000000000002,0.5,1.0,0.8,1.0,0.1127909648557088
0.0,1.0,1.0000000000000002,0.5,0.0,0.6000000000000001,0.0,0.0990576749084482
0.0,1.0,0.0,0.5,0.0,1.0,1.0,0.0333689104691211
0.0,1.0,0.0,0.5,0.5,0.8,1.0,0.0536543915547711
0.0,0.5,1.0000000000000002,0.5,0.5,0.8,0.0,0.0882122263052377
0.1578947368421052,1.0,0.3902439024390244,0.5,1.0,0.2,0.0,0.1181816020312691
1.0000000000000002,0.5,1.0000000000000002,0.5,1.0,0.6000000000000001,1.0,0.2282404443656242
0.1578947368421052,0.5,0.0,0.5,0.0,0.3999999999999999,1.0,0.0351337024015962
0.1578947368421052,0.5,1.0000000000000002,1.0,1.0,0.0,1.0,0.2361056407017749
1.0000000000000002,0.5,0.3902439024390244,0.5,0.5,1.0,0.0,0.1360862183643799
1.0000000000000002,0.0,1.0000000000000002,1.0,0.5,0.0,0.0,0.5647464778523265
0.0,1.0,0.0,0.5,1.0,0.0,1.0,0.0690305423555358
0.0,0.0,0.0,0.5,0.5,0.0,0.0,0.0836378856162623
1.0000000000000002,1.0,0.3902439024390244,0.5,0.5,0.6000000000000001,0.0,0.2052660621174031
1.0000000000000002,0.5,0.3902439024390244,0.5,0.0,1.0,0.0,0.1717029282743315
0.1578947368421052,0.5,0.0,0.0,0.5,0.3999999999999999,1.0,0.0443681205803393
0.1578947368421052,0.5,1.0000000000000002,0.0,0.5,0.0,0.0,0.2692009442471104
0.1578947368421052,0.0,1.0000000000000002,1.0,0.5,1.0,1.0,0.0698214900125451
1.0000000000000002,0.0,0.0,0.5,1.0,0.2,1.0,0.160215737150221
0.0,0.5,0.0,0.5,0.5,0.8,1.0,0.0501825645167019
0.1578947368421052,0.5,0.0,0.0,0.0,0.3999999999999999,1.0,0.0310314916852469
0.1578947368421052,1.0,1.0000000000000002,0.5,0.5,0.8,0.0,0.0778801717187472
0.1578947368421052,0.5,1.0000000000000002,0.5,0.5,1.0,1.0,0.0590578635807493
0.0,0.0,1.0000000000000002,1.0,1.0,0.3999999999999999,0.0,0.1540793951653749
1.0000000000000002,0.0,1.0000000000000002,0.0,1.0,0.3999999999999999,1.0,0.1910071850455253
0.1578947368421052,1.0,0.3902439024390244,0.5,1.0,0.0,0.0,0.181264891835742
0.0,0.5,1.0000000000000002,1.0,0.5,1.0,0.0,0.0796577985016403
0.1578947368421052,0.5,0.0,0.0,0.0,0.3999999999999999,0.0,0.0389392355505334
1.0000000000000002,0.0,0.0,1.0,0.0,0.0,1.0,0.1337323067977186
0.1578947368421052,1.0,0.0,0.5,0.0,0.6000000000000001,1.0,0.031655457938318
0.0,0.0,1.0000000000000002,0.0,0.0,0.3999999999999999,0.0,0.1424452450039783
1.0000000000000002,0.0,0.3902439024390244,0.5,0.0,0.8,0.0,0.1645795862923412
1.0000000000000002,0.0,0.0,1.0,1.0,0.3999999999999999,0.0,0.123047935567254
0.1578947368421052,0.0,0.0,0.5,0.0,0.6000000000000001,1.0,0.0341967583210822
0.0,0.5,0.0,0.0,0.5,0.3999999999999999,0.0,0.049620077197133
0.0,0.5,1.0000000000000002,0.0,0.0,0.0,0.0,0.2890628752689663
0.0,0.5,0.0,0.5,1.0,1.0,0.0,0.1020738647566783
0.1578947368421052,0.0,0.3902439024390244,0.5,0.5,0.6000000000000001,1.0,0.0572224799709752
0.0,0.5,1.0000000000000002,1.0,1.0,1.0,0.0,0.1181334713422016
1.0000000000000002,0.0,0.0,0.5,0.0,0.3999999999999999,0.0,0.1617559192003811
0.1578947368421052,0.5,1.0000000000000002,0.5,1.0,0.3999999999999999,1.0,0.1139461013933289
0.1578947368421052,0.0,0.0,0.5,1.0,0.6000000000000001,0.0,0.0874421352801576
0.0,0.5,1.0000000000000002,0.0,0.0,0.0,1.0,0.2402063754103261
0.1578947368421052,0.0,0.3902439024390244,0.5,1.0,0.8,0.0,0.1051542288569984
0.1578947368421052,0.5,1.0000000000000002,0.5,1.0,1.0,1.0,0.116898116989469
0.1578947368421052,0.0,0.0,1.0,1.0,0.0,1.0,0.083138609935002
1.0000000000000002,0.5,1.0000000000000002,0.5,1.0,1.0,1.0,0.2824035131295868
1.0000000000000002,0.5,0.3902439024390244,0.5,0.5,0.8,1.0,0.1299254901637396
0.1578947368421052,0.5,0.0,1.0,0.5,0.0,1.0,0.0797784460955695
0.1578947368421052,0.5,1.0000000000000002,0.0,0.0,1.0,0.0,0.0898416105658028
0.1578947368421052,1.0,0.0,0.5,1.0,0.3999999999999999,1.0,0.0811530585753373
0.0,0.0,0.0,0.5,0.5,0.3999999999999999,0.0,0.052839378553228
0.0,0.5,0.0,1.0,0.0,1.0,0.0,0.0370810700812673
0.0,0.5,0.0,1.0,0.0,0.3999999999999999,0.0,0.038350693484616
0.0,0.0,0.0,0.0,0.0,0.3999999999999999,1.0,0.0336966483745448
0.1578947368421052,1.0,0.0,0.5,0.0,1.0,1.0,0.031783806442498
0.0,0.0,0.3902439024390244,0.5,1.0,0.3999999999999999,1.0,0.0826290663734074
0.1578947368421052,0.0,0.3902439024390244,0.5,1.0,1.0,0.0,0.1091330324865786
1.0000000000000002,1.0,1.0000000000000002,0.5,0.0,1.0,1.0,0.2898477263720271
0.0,0.5,0.0,1.0,1.0,1.0,0.0,0.0806576333492025
0.1578947368421052,1.0,0.0,0.5,0.0,0.2,1.0,0.0509013161401099
1.0000000000000002,1.0,1.0000000000000002,0.5,0.5,0.2,0.0,0.2182934352916737
0.0,0.5,0.3902439024390244,0.5,1.0,0.2,0.0,0.1126626163515288
0.0,0.0,0.0,0.0,0.0,0.0,1.0,0.0632481855452182
1.0000000000000002,0.0,0.0,1.0,1.0,0.0,0.0,0.1526938730627518
0.0,0.0,0.0,0.5,0.0,1.0,0.0,0.0433159195430716
0.0,0.0,0.0,0.5,1.0,0.8,1.0,0.0763399896685871
0.1578947368421052,1.0,0.0,0.5,0.5,0.0,1.0,0.0876988322885177
0.0,0.0,1.0000000000000002,1.0,0.5,1.0,0.0,0.0961576404565009
0.1578947368421052,1.0,0.3902439024390244,0.5,0.5,0.2,0.0,0.1060526683862585
0.1578947368421052,0.0,0.3902439024390244,0.5,0.0,0.3999999999999999,0.0,0.0780726944750172
0.1578947368421052,0.5,0.3902439024390244,0.5,0.0,0.2,1.0,0.0796770507772673
0.1578947368421052,0.5,1.0000000000000002,1.0,0.0,0.0,0.0,0.2704221802643832
0.1578947368421052,0.5,0.0,0.5,1.0,0.2,0.0,0.0855810819695475
0.0,0.0,1.0000000000000002,0.5,1.0,0.8,1.0,0.1103523432762887
1.0000000000000002,0.0,0.0,1.0,0.5,0.3999999999999999,0.0,0.1076217288498591
0.1578947368421052,0.0,1.0000000000000002,0.5,1.0,0.3999999999999999,0.0,0.1452631364132503
0.1578947368421052,0.0,0.0,0.5,0.5,1.0,1.0,0.0548416152184361
0.0,0.5,1.0000000000000002,0.5,1.0,0.6000000000000001,1.0,0.1047691833444584
0.0,0.0,0.0,0.0,0.5,0.2,0.0,0.0560002813399211
1.0000000000000002,0.5,0.0,0.5,1.0,0.6000000000000001,1.0,0.1733714588286717
0.0,1.0,0.3902439024390244,0.5,0.0,1.0,1.0,0.0353903994099562
0.0,0.5,1.0000000000000002,0.0,0.5,1.0,0.0,0.0795782224290487
0.0,1.0,1.0000000000000002,0.5,1.0,0.8,1.0,0.1003411599502482
1.0000000000000002,0.0,1.0000000000000002,0.5,1.0,0.3999999999999999,1.0,0.2266360880633741
0.0,0.5,0.0,0.5,1.0,1.0,1.0,0.0887256203219577
0.1578947368421052,0.5,1.0000000000000002,0.5,0.0,1.0,1.0,0.0757624213997771
0.0,0.0,0.0,0.0,0.0,1.0,1.0,0.0320297221765069
1.0000000000000002,0.5,0.0,0.5,0.5,0.0,1.0,0.1616917449482911
0.0,0.5,0.3902439024390244,0.5,0.5,0.6000000000000001,1.0,0.0508628115888559
1.0000000000000002,1.0,1.0000000000000002,0.5,0.5,0.0,1.0,0.2949174922871373
0.1578947368421052,0.5,0.0,0.5,1.0,0.6000000000000001,0.0,0.0971966215978381
0.1578947368421052,0.0,1.0000000000000002,0.5,0.5,0.3999999999999999,0.0,0.1322999374910697
0.1578947368421052,0.5,1.0000000000000002,0.5,0.0,1.0,0.0,0.0907791963888378
0.0,0.0,0.0,1.0,0.5,0.3999999999999999,0.0,0.0506847922135583
0.0,0.0,0.0,0.5,1.0,0.3999999999999999,1.0,0.0626708739734165
1.0000000000000002,0.0,0.0,0.5,0.0,0.6000000000000001,1.0,0.094950522774688
0.1578947368421052,1.0,0.3902439024390244,0.5,0.0,0.3999999999999999,0.0,0.0719761405264669
1.0000000000000002,0.0,1.0000000000000002,0.0,0.5,0.3999999999999999,0.0,0.1838575316201781
0.0,1.0,0.3902439024390244,0.5,0.5,0.6000000000000001,1.0,0.0474230716768318
0.1578947368421052,1.0,0.3902439024390244,0.5,0.0,0.0,0.0,0.1910193781534225
0.0,0.0,0.3902439024390244,0.5,0.5,0.3999999999999999,1.0,0.0666560950282057
1.0000000000000002,1.0,0.3902439024390244,0.5,0.0,0.2,1.0,0.2278553988530842
1.0000000000000002,0.0,1.0000000000000002,0.0,1.0,0.0,1.0,0.5286965917407673
0.1578947368421052,1.0,0.0,0.5,1.0,0.8,0.0,0.1131760103682488
0.1578947368421052,0.0,0.3902439024390244,0.5,0.5,0.2,0.0,0.1131118361161588
0.0,0.5,1.0000000000000002,0.0,0.5,0.3999999999999999,0.0,0.1293402209846788
1.0000000000000002,0.5,0.3902439024390244,0.5,1.0,0.8,1.0,0.2413319917919848
0.1578947368421052,1.0,0.0,0.5,0.0,0.0,1.0,0.0862869987425376
1.0000000000000002,1.0,1.0000000000000002,0.5,0.0,0.0,0.0,0.2221438904170739
0.1578947368421052,0.5,1.0000000000000002,0.5,0.0,0.0,0.0,0.2696970112157661
0.1578947368421052,0.5,0.0,0.5,0.5,0.3999999999999999,0.0,0.0643843265042196
1.0000000000000002,0.0,0.0,0.5,0.5,0.3999999999999999,0.0,0.1743340726100217
0.1578947368421052,0.5,0.0,0.5,0.0,0.0,0.0,0.1040632665714684
0.1578947368421052,1.0,1.0000000000000002,0.5,0.0,0.2,0.0,0.159573994629321
0.0,0.0,1.0000000000000002,0.5,0.5,1.0,1.0,0.074478936357977
1.0000000000000002,0.5,0.0,0.5,1.0,1.0,0.0,0.2050735393611331
1.0000000000000002,1.0,0.0,0.5,0.5,0.6000000000000001,1.0,0.1421827723129302
0.0,0.5,1.0000000000000002,0.0,0.5,0.0,1.0,0.2409681237826345
0.0,0.0,0.0,0.5,0.5,0.2,0.0,0.0559122342660536
0.1578947368421052,0.5,1.0000000000000002,0.5,0.5,0.0,0.0,0.2642421997881159
1.0000000000000002,0.5,0.3902439024390244,0.5,1.0,0.6000000000000001,1.0,0.2291388838948842
1.0000000000000002,0.0,0.0,0.5,1.0,0.8,0.0,0.1753608606434617
1.0000000000000002,0.5,0.3902439024390244,0.5,0.0,0.8,0.0,0.1786337475000519
0.0,0.5,1.0000000000000002,0.5,0.5,0.6000000000000001,1.0,0.0814097555836974
0.0,0.0,1.0000000000000002,0.5,1.0,0.6000000000000001,0.0,0.1362787411206499
0.1578947368421052,1.0,0.0,0.5,0.5,0.3999999999999999,0.0,0.0663544760433827
0.1578947368421052,1.0,0.0,0.5,0.0,1.0,0.0,0.0432774149918176
0.1578947368421052,0.5,0.3902439024390244,0.5,0.0,0.2,0.0,0.1022022132608583
0.1578947368421052,0.0,0.0,0.0,0.5,0.3999999999999999,1.0,0.0452338312410334
0.1578947368421052,0.0,1.0000000000000002,0.5,1.0,0.0,0.0,0.265846556090366
0.0,0.5,0.3902439024390244,0.5,0.0,1.0,0.0,0.0450935463259647
1.0000000000000002,0.0,0.3902439024390244,0.5,0.5,0.2,0.0,0.2221438904170739
0.0,0.0,1.0000000000000002,1.0,0.5,0.0,0.0,0.2939125234994079
1.0000000000000002,1.0,0.3902439024390244,0.5,1.0,0.6000000000000001,1.0,0.2413961660440748
0.0,0.5,0.0,0.5,1.0,0.8,0.0,0.094758000018418
0.1578947368421052,1.0,0.3902439024390244,0.5,0.0,0.2,1.0,0.0780726944750172
0.1578947368421052,0.5,0.3902439024390244,0.5,1.0,0.6000000000000001,0.0,0.1008545539669683
0.0,0.0,0.0,0.5,0.0,0.3999999999999999,1.0,0.0351722069528502
0.0,0.5,0.0,0.0,0.5,0.0,1.0,0.0638673387293825
0.0,1.0,1.0000000000000002,0.5,1.0,0.6000000000000001,1.0,0.1014321222357783
0.1578947368421052,0.0,1.0000000000000002,1.0,0.5,0.3999999999999999,0.0,0.1316581949701697
0.1578947368421052,0.5,0.0,1.0,0.0,0.0,0.0,0.0919766879328372
0.0,0.0,0.3902439024390244,0.5,0.0,0.6000000000000001,1.0,0.0507729676359299
1.0000000000000002,1.0,0.3902439024390244,0.5,1.0,0.8,1.0,0.2556428500080555
0.0,1.0,0.3902439024390244,0.5,1.0,0.2,1.0,0.0887897945740477
0.0,0.0,0.3902439024390244,0.5,0.5,0.0,1.0,0.1472525382280404
0.1578947368421052,0.5,0.0,0.0,0.5,0.0,1.0,0.07955062750065
0.0,0.5,1.0000000000000002,1.0,0.0,0.0,0.0,0.2892175352165033
0.1578947368421052,0.0,0.3902439024390244,0.5,0.0,0.6000000000000001,1.0,0.0504135918242259
0.1578947368421052,0.0,1.0000000000000002,0.5,0.0,0.6000000000000001,0.0,0.1123417450910788
0.1578947368421052,0.0,0.0,0.5,0.5,0.2,1.0,0.0583198596817143
0.1578947368421052,0.5,0.3902439024390244,0.5,0.5,0.8,0.0,0.0578128830902033
0.1578947368421052,0.0,0.0,0.5,1.0,0.2,1.0,0.0706926554846669
1.0000000000000002,0.5,1.0000000000000002,0.5,0.5,0.3999999999999999,1.0,0.074543110610067
0.0,1.0,0.3902439024390244,0.5,1.0,0.6000000000000001,0.0,0.0897524083553977
0.1578947368421052,0.0,1.0000000000000002,0.5,0.5,0.0,0.0,0.2687985716865061
0.0,0.5,1.0000000000000002,0.5,0.0,1.0,0.0,0.0828215891296774
1.0000000000000002,1.0,0.0,0.5,0.0,0.2,0.0,0.1897358931116224
0.0,1.0,0.0,0.5,0.5,0.0,0.0,0.0800620962898073
1.0000000000000002,0.5,0.3902439024390244,0.5,0.0,0.3999999999999999,0.0,0.2140579346537335
0.0,0.0,0.0,0.5,1.0,0.6000000000000001,0.0,0.0780726944750172
0.1578947368421052,1.0,0.3902439024390244,0.5,0.5,0.3999999999999999,0.0,0.0767250351811271
0.1578947368421052,0.5,0.0,0.5,0.5,0.2,0.0,0.0725537087952769
0.1578947368421052,0.5,1.0000000000000002,1.0,0.5,0.3999999999999999,0.0,0.1216059401227916
0.0,0.0,0.0,0.5,1.0,1.0,1.0,0.0808963615669773
0.1578947368421052,0.0,1.0000000000000002,0.5,0.0,0.2,0.0,0.1709970115013415
0.1578947368421052,0.0,0.3902439024390244,0.5,0.0,0.3999999999999999,1.0,0.0608996646157324
0.0,0.0,1.0000000000000002,1.0,1.0,0.0,1.0,0.2505833519732797
1.0000000000000002,0.0,0.0,0.5,0.0,1.0,1.0,0.0371166867911773
1.0000000000000002,0.0,0.3902439024390244,0.5,1.0,0.8,0.0,0.2385724989521147
0.1578947368421052,0.0,1.0000000000000002,1.0,0.5,0.3999999999999999,1.0,0.103430508445861
0.0,0.0,1.0000000000000002,0.5,0.0,0.2,1.0,0.1475734094884904
1.0000000000000002,0.5,1.0000000000000002,0.5,0.0,0.0,0.0,0.504895645125627
0.0,0.0,1.0000000000000002,0.5,0.0,0.8,0.0,0.1030364785380283
0.0,0.5,1.0000000000000002,1.0,0.0,1.0,1.0,0.0685990346844826
0.1578947368421052,0.5,1.0000000000000002,0.5,1.0,0.2,1.0,0.1378830974229
0.0,0.0,1.0000000000000002,1.0,0.5,0.3999999999999999,0.0,0.1443229836201318
1.0000000000000002,1.0,0.0,0.5,1.0,0.6000000000000001,0.0,0.1509104705971706
0.1578947368421052,0.0,1.0000000000000002,0.0,1.0,1.0,1.0,0.1169809017746651
0.1578947368421052,1.0,0.0,0.5,1.0,1.0,1.0,0.1071436306717886
1.0000000000000002,0.0,0.0,1.0,1.0,1.0,0.0,0.1139274908602228
0.1578947368421052,0.5,0.0,1.0,0.5,0.0,0.0,0.0970034570990472
1.0000000000000002,0.5,1.0000000000000002,0.5,0.5,0.8,1.0,1.0
0.0,0.0,0.0,0.5,0.0,0.8,0.0,0.0421158610289885
0.1578947368421052,1.0,0.0,0.5,1.0,0.6000000000000001,0.0,0.1037423953110184
1.0000000000000002,0.0,0.3902439024390244,0.5,0.0,0.6000000000000001,0.0,0.1790187930125919
1.0000000000000002,0.0,0.3902439024390244,0.5,0.0,0.0,1.0,0.2358130061122445
0.1578947368421052,0.0,0.0,1.0,1.0,0.3999999999999999,1.0,0.0645778118742709
0.0,0.0,0.0,0.0,0.5,0.6000000000000001,1.0,0.0443517561460563
0.1578947368421052,0.5,1.0000000000000002,0.5,0.0,0.6000000000000001,1.0,0.0846826424402875
0.0,0.0,0.0,0.5,0.5,0.8,0.0,0.0569786178130332
0.0,0.0,0.3902439024390244,0.5,0.0,0.0,1.0,0.1460332274383304
0.1578947368421052,1.0,1.0000000000000002,0.5,1.0,0.3999999999999999,1.0,0.1118925253264488
1.0000000000000002,0.5,0.3902439024390244,0.5,0.5,0.3999999999999999,1.0,0.1926879087077625
0.1578947368421052,0.0,0.0,0.5,0.0,0.2,1.0,0.0480263096464778
1.0000000000000002,0.5,1.0000000000000002,0.5,0.0,0.3999999999999999,1.0,0.2442198331360349
1.0000000000000002,1.0,0.0,0.5,0.0,0.0,1.0,0.158739729352151
0.1578947368421052,0.5,0.0,1.0,1.0,0.0,0.0,0.1020109739896301
0.0,0.5,0.0,0.5,0.0,0.0,0.0,0.0769175579373971
1.0000000000000002,0.0,0.3902439024390244,0.5,1.0,0.3999999999999999,1.0,0.2051377136132231
0.0,1.0,1.0000000000000002,0.5,1.0,0.0,0.0,0.2798365430459866
0.1578947368421052,0.0,0.3902439024390244,0.5,0.5,0.8,0.0,0.0645704318352806
0.1578947368421052,1.0,0.3902439024390244,0.5,0.0,0.8,1.0,0.0426998467230075
0.1578947368421052,0.0,1.0000000000000002,0.5,0.5,0.2,1.0,0.1378830974229
0.1578947368421052,1.0,0.3902439024390244,0.5,0.5,1.0,0.0,0.0510039949434539
1.0000000000000002,0.0,1.0000000000000002,0.0,0.0,0.3999999999999999,1.0,0.2096536557327966
0.0,1.0,1.0000000000000002,0.5,0.5,0.8,1.0,0.0625104383431915
0.0,0.5,0.0,1.0,1.0,0.3999999999999999,0.0,0.0713876626348016
0.1578947368421052,0.0,0.3902439024390244,0.5,0.5,0.6000000000000001,0.0,0.0716552692660169
1.0000000000000002,1.0,0.0,0.5,0.0,0.2,1.0,0.1636169725109912
1.0000000000000002,0.5,0.3902439024390244,0.5,0.0,0.8,1.0,0.1586113808479709
0.1578947368421052,0.5,1.0000000000000002,0.5,0.5,0.2,0.0,0.1659914198383213
0.1578947368421052,1.0,0.0,0.5,1.0,0.2,0.0,0.0873137867759776
0.1578947368421052,0.5,0.0,0.5,0.5,1.0,1.0,0.0578898921927113
1.0000000000000002,0.5,0.0,0.5,0.5,0.6000000000000001,0.0,0.1610500024273911
0.1578947368421052,0.5,1.0000000000000002,0.5,0.5,0.8,0.0,0.0843617711798375
1.0000000000000002,0.0,1.0000000000000002,1.0,0.0,0.0,0.0,0.5052678557877491
0.0,1.0,0.3902439024390244,0.5,0.5,0.0,1.0,0.13890988545634
0.0,0.5,1.0000000000000002,0.5,0.5,1.0,0.0,0.0783935657354672
0.1578947368421052,0.0,1.0000000000000002,0.5,0.0,1.0,1.0,0.0795487022730873
0.1578947368421052,0.0,0.3902439024390244,0.5,1.0,0.8,1.0,0.094693825766328
1.0000000000000002,0.5,0.3902439024390244,0.5,0.5,1.0,1.0,0.1082987672094086
0.1578947368421052,0.5,0.0,0.5,0.0,0.3999999999999999,0.0,0.0482765892296288
0.1578947368421052,1.0,1.0000000000000002,0.5,1.0,0.0,0.0,0.2619961009649658
0.0,0.5,0.0,1.0,0.5,0.0,1.0,0.0640763542684396
0.1578947368421052,1.0,1.0000000000000002,0.5,0.0,1.0,0.0,0.0922552041869079
0.1578947368421052,0.5,0.3902439024390244,0.5,1.0,0.8,1.0,0.095720613799768
1.0000000000000002,0.0,0.0,0.5,1.0,0.0,1.0,0.1674032533843013
0.1578947368421052,0.5,0.0,0.5,0.0,0.0,1.0,0.0857736047258175
0.0,0.5,0.0,0.5,1.0,0.8,1.0,0.0823723693650474
0.1578947368421052,0.5,0.0,0.5,0.0,0.6000000000000001,1.0,0.031764554166871
0.1578947368421052,0.0,1.0000000000000002,0.0,1.0,1.0,0.0,0.1326387775421049
0.1578947368421052,0.0,1.0000000000000002,1.0,0.0,0.3999999999999999,1.0,0.1047691833444584
1.0000000000000002,0.0,1.0000000000000002,0.5,1.0,0.8,0.0,0.2693119657032261
1.0000000000000002,1.0,0.0,0.5,1.0,0.2,0.0,0.1852436954653222
1.0000000000000002,0.0,0.3902439024390244,0.5,0.0,0.6000000000000001,1.0,0.1571353730499009
0.1578947368421052,0.0,0.0,0.0,1.0,0.0,0.0,0.1001351606010393
0.1578947368421052,0.0,1.0000000000000002,0.0,0.0,0.0,0.0,0.2712859656975147
0.1578947368421052,0.5,0.3902439024390244,0.5,1.0,0.3999999999999999,1.0,0.0871212640197076
0.1578947368421052,1.0,0.3902439024390244,0.5,1.0,0.6000000000000001,0.0,0.1035498725547484
0.1578947368421052,0.5,0.0,0.5,1.0,0.8,0.0,0.0995068946730782
0.1578947368421052,0.0,1.0000000000000002,0.5,1.0,0.8,1.0,0.116128025964389
0.0,0.5,1.0000000000000002,1.0,0.5,0.3999999999999999,0.0,0.1293273861342608
0.1578947368421052,0.5,1.0000000000000002,0.5,0.5,0.6000000000000001,0.0,0.0987368036479982
1.0000000000000002,0.0,0.0,0.0,0.0,0.0,0.0,0.1648093301148234
0.0,0.5,1.0000000000000002,0.5,0.5,0.8,1.0,0.0691781431353428
1.0000000000000002,0.5,1.0000000000000002,0.5,0.5,1.0,1.0,0.1059884941341685
0.1578947368421052,0.0,0.3902439024390244,0.5,1.0,0.0,1.0,0.1511029933534406
0.1578947368421052,0.0,1.0000000000000002,1.0,1.0,0.3999999999999999,0.0,0.1450263334230382
0.1578947368421052,0.0,0.0,1.0,0.5,0.3999999999999999,1.0,0.0450351477565628
0.1578947368421052,0.5,0.3902439024390244,0.5,0.5,0.2,0.0,0.1084271157135886
0.0,1.0,0.3902439024390244,0.5,1.0,0.0,0.0,0.1758100804080917
0.1578947368421052,0.0,0.0,1.0,0.0,1.0,0.0,0.0376753878298729
1.0000000000000002,1.0,1.0000000000000002,0.5,0.5,0.8,0.0,0.161114176679481
0.1578947368421052,0.5,0.0,1.0,1.0,1.0,1.0,0.0713420989158177
0.1578947368421052,0.5,1.0000000000000002,1.0,1.0,0.0,0.0,0.2697342322819783
0.1578947368421052,0.5,1.0000000000000002,1.0,1.0,0.3999999999999999,0.0,0.1371284082183216
1.0000000000000002,1.0,0.0,0.5,0.0,0.8,0.0,0.0604376100006844
1.0000000000000002,0.0,1.0000000000000002,1.0,1.0,0.0,1.0,0.5376302893742166
1.0000000000000002,0.5,0.0,0.5,0.5,1.0,0.0,0.1421827723129302
0.0,0.5,1.0000000000000002,0.0,0.5,1.0,1.0,0.0617375236510195
1.0000000000000002,1.0,0.3902439024390244,0.5,0.5,0.0,0.0,0.2478777655051651
0.0,0.0,0.0,0.0,1.0,0.3999999999999999,1.0,0.060076565658426
0.1578947368421052,0.0,1.0000000000000002,0.0,0.0,1.0,1.0,0.0789608661239428
0.1578947368421052,0.0,0.3902439024390244,0.5,1.0,0.2,0.0,0.1219037086524892
1.0000000000000002,0.0,0.3902439024390244,0.5,1.0,0.0,1.0,0.2710446705096562
1.0000000000000002,0.5,1.0000000000000002,0.5,0.5,0.0,1.0,0.2988962959167175
0.1578947368421052,0.0,1.0000000000000002,0.0,1.0,0.0,0.0,0.2693010560803708
0.1578947368421052,0.0,0.0,1.0,1.0,0.0,0.0,0.100137085828602
1.0000000000000002,0.5,1.0000000000000002,0.5,0.5,0.2,0.0,0.1735639815849416
0.0,1.0,0.3902439024390244,0.5,1.0,0.8,0.0,0.0932178179682579
0.0,0.0,0.0,0.5,0.5,1.0,0.0,0.0601424084410704
1.0000000000000002,0.5,1.0000000000000002,0.5,0.5,0.2,1.0,0.2630228889984058
0.1578947368421052,0.0,0.3902439024390244,0.5,1.0,0.2,1.0,0.0991860234126282
1.0000000000000002,0.0,1.0000000000000002,0.5,1.0,0.6000000000000001,0.0,0.2580172973353856
0.1578947368421052,0.0,0.0,0.0,0.0,0.3999999999999999,0.0,0.0415135856731238
0.0,0.0,0.0,0.5,0.5,1.0,1.0,0.051921686748341
1.0000000000000002,0.0,1.0000000000000002,0.5,0.0,0.8,1.0,0.2487762050344251
0.1578947368421052,0.0,0.0,0.0,0.0,1.0,0.0,0.0374043157890447
0.0,0.5,1.0000000000000002,0.5,0.0,0.8,1.0,0.0726820572994569
0.1578947368421052,0.0,0.0,1.0,1.0,0.3999999999999999,0.0,0.0735240234868778
0.0,0.0,1.0000000000000002,0.0,1.0,1.0,0.0,0.129646973909669
0.0,0.0,1.0000000000000002,1.0,0.5,0.3999999999999999,1.0,0.1122101878742943
0.1578947368421052,0.0,0.0,0.5,0.5,0.2,0.0,0.0701792614679468
1.0000000000000002,1.0,0.0,0.5,0.0,1.0,0.0,0.0542576295244171
0.1578947368421052,1.0,0.0,0.5,0.5,0.8,1.0,0.0593787348411993
0.0,0.0,1.0000000000000002,0.0,1.0,1.0,1.0,0.1119566995785388
0.0,0.5,1.0000000000000002,0.5,1.0,1.0,0.0,0.117283162502009
0.1578947368421052,0.0,0.0,1.0,0.5,1.0,0.0,0.057171012220799
1.0000000000000002,0.0,0.0,1.0,0.0,1.0,0.0,0.0402112334012093
1.0000000000000002,0.0,0.0,0.0,0.0,0.3999999999999999,1.0,0.0761089623610631
0.1578947368421052,0.5,0.0,0.5,0.0,1.0,1.0,0.031238325299733
1.0000000000000002,1.0,0.0,0.5,1.0,0.6000000000000001,1.0,0.1777353079707918
1.0000000000000002,0.0,0.0,0.5,0.5,0.2,1.0,0.160536608410671
1.0000000000000002,0.0,1.0000000000000002,0.5,0.5,0.6000000000000001,1.0,0.160472434158581
0.1578947368421052,1.0,0.3902439024390244,0.5,0.5,0.2,1.0,0.0839125514152075
0.0,0.5,1.0000000000000002,0.5,1.0,0.2,1.0,0.1459690531862404
1.0000000000000002,0.0,0.0,0.0,1.0,1.0,0.0,0.1135873673241457
0.0,0.5,0.0,0.0,1.0,0.0,0.0,0.085835212007824
1.0000000000000002,1.0,0.3902439024390244,0.5,0.5,0.8,0.0,0.1744624211142017
0.0,0.0,0.0,0.0,1.0,0.0,1.0,0.0712528967054126
1.0000000000000002,0.0,0.3902439024390244,0.5,1.0,1.0,1.0,0.2347862180788045
0.0,1.0,1.0000000000000002,0.5,1.0,0.3999999999999999,0.0,0.1350594303309398
1.0000000000000002,0.5,0.3902439024390244,0.5,1.0,1.0,0.0,0.2598141763939057
0.1578947368421052,0.5,0.0,0.5,1.0,0.3999999999999999,0.0,0.0881480520531477
0.1578947368421052,0.0,0.0,0.5,1.0,0.3999999999999999,0.0,0.0817948010962374
1.0000000000000002,1.0,1.0000000000000002,0.5,0.0,0.8,0.0,0.287794150305147
1.0000000000000002,0.5,0.3902439024390244,0.5,1.0,0.8,0.0,0.2530758799244554
0.1578947368421052,1.0,0.0,0.5,0.5,0.2,0.0,0.074029716593347
0.0,1.0,1.0000000000000002,0.5,1.0,0.3999999999999999,1.0,0.1111866085534587
0.1578947368421052,1.0,1.0000000000000002,0.5,1.0,0.6000000000000001,1.0,0.1084271157135886
0.0,0.0,0.0,0.5,1.0,0.0,1.0,0.0707568297367569
0.0,0.0,1.0000000000000002,1.0,0.0,0.0,1.0,0.2494217980104506
0.0,0.0,0.0,1.0,0.0,1.0,0.0,0.0386706021312846
0.0,0.5,0.3902439024390244,0.5,0.0,0.0,1.0,0.1413485070357601
1.0000000000000002,1.0,1.0000000000000002,0.5,1.0,0.0,0.0,0.2942757497662372
0.0,0.0,0.0,0.0,0.0,0.3999999999999999,0.0,0.0407993904216142
0.0,0.0,0.0,0.0,0.5,0.3999999999999999,0.0,0.0505879532671544
1.0000000000000002,0.0,0.0,0.0,0.0,0.0,1.0,0.1349689446354929
0.1578947368421052,1.0,0.3902439024390244,0.5,0.5,0.0,0.0,0.1862704834987623
1.0000000000000002,0.5,0.3902439024390244,0.5,0.5,0.8,0.0,0.159766517385591
0.1578947368421052,0.5,0.0,0.5,1.0,0.8,1.0,0.0916776359180978
0.1578947368421052,0.5,0.0,1.0,1.0,0.3999999999999999,1.0,0.0681360174556532
0.0,1.0,1.0000000000000002,0.5,0.0,0.6000000000000001,1.0,0.0795487022730873
0.0,0.0,0.3902439024390244,0.5,0.5,0.6000000000000001,1.0,0.0570107049390782
0.1578947368421052,0.5,0.0,0.0,0.5,1.0,1.0,0.050691017116011
0.0,0.5,0.0,1.0,1.0,0.0,1.0,0.0698607646548241
0.1578947368421052,0.5,1.0000000000000002,1.0,0.0,1.0,0.0,0.0902382074437191
0.1578947368421052,1.0,1.0000000000000002,0.5,1.0,0.2,0.0,0.1656063743257813
0.0,1.0,0.0,0.5,0.0,0.2,1.0,0.0376364982331063
1.0000000000000002,0.5,0.3902439024390244,0.5,1.0,0.0,1.0,0.2723281555514563
1.0000000000000002,1.0,1.0000000000000002,0.5,1.0,0.2,1.0,0.1895433703553524
1.0000000000000002,1.0,0.3902439024390244,0.5,1.0,0.0,1.0,0.2983829018999975
0.0,0.5,1.0000000000000002,0.5,0.5,0.2,0.0,0.1780561792312418
0.0,0.0,0.0,1.0,0.0,0.0,1.0,0.0633269915267847
0.0,0.0,0.3902439024390244,0.5,1.0,0.0,1.0,0.1488568945302905
0.0,0.0,1.0000000000000002,0.0,0.5,0.3999999999999999,1.0,0.1121569232450596
0.0,0.5,0.0,0.5,0.5,0.3999999999999999,1.0,0.0435341120001776
0.0,1.0,0.3902439024390244,0.5,0.0,0.2,1.0,0.0767892094332171
1.0000000000000002,0.5,0.0,0.5,0.0,0.6000000000000001,0.0,0.1301180129200096
1.0000000000000002,1.0,0.3902439024390244,0.5,0.5,0.0,1.0,0.2489687277906951
1.0000000000000002,1.0,1.0000000000000002,0.5,0.5,0.2,1.0,0.245439143925745
0.0,1.0,0.0,0.5,0.0,0.0,0.0,0.0753773758872371
0.1578947368421052,0.5,0.3902439024390244,0.5,0.0,0.3999999999999999,0.0,0.073195451316177
0.0,1.0,1.0000000000000002,0.5,0.0,1.0,0.0,0.0790353082563672
1.0000000000000002,0.5,1.0000000000000002,0.5,1.0,1.0,0.0,0.288756764086497
1.0000000000000002,1.0,1.0000000000000002,0.5,1.0,0.2,0.0,0.3083299109739479
0.0,0.0,0.0,0.5,0.5,0.0,1.0,0.0663981145348039
0.0,0.5,1.0000000000000002,1.0,0.0,0.0,1.0,0.2402410295064547
0.0,0.5,1.0000000000000002,0.0,1.0,0.0,1.0,0.2417035607115859
1.0000000000000002,0.0,0.3902439024390244,0.5,1.0,0.3999999999999999,0.0,0.2286896641302542
0.1578947368421052,0.0,0.3902439024390244,0.5,0.0,0.0,0.0,0.1939713937495626
0.0,0.5,0.0,1.0,0.0,0.0,0.0,0.0764407432443684
1.0000000000000002,1.0,0.0,0.5,0.0,0.0,0.0,0.1991053339167628
0.1578947368421052,0.5,0.0,0.5,0.0,0.6000000000000001,0.0,0.0433030846926536
0.1578947368421052,0.0,1.0000000000000002,0.0,0.5,1.0,1.0,0.0697221482703097
1.0000000000000002,0.5,0.0,0.5,1.0,0.3999999999999999,0.0,0.1897358931116224
0.1578947368421052,0.0,0.0,0.5,1.0,0.0,0.0,0.1043199635798284
1.0000000000000002,0.5,1.0000000000000002,0.5,0.0,0.8,0.0,0.2745742543746064
0.0,0.5,0.3902439024390244,0.5,0.5,0.0,0.0,0.1792113157688619
0.1578947368421052,0.5,0.3902439024390244,0.5,0.0,0.6000000000000001,1.0,0.0472112966449348
0.0,1.0,0.0,0.5,0.5,0.6000000000000001,0.0,0.0582300157287883
0.1578947368421052,0.5,0.0,0.0,1.0,0.0,0.0,0.101575230817939
1.0000000000000002,1.0,1.0000000000000002,0.5,1.0,1.0,0.0,0.2991529929250775
1.0000000000000002,0.5,0.3902439024390244,0.5,0.0,0.3999999999999999,1.0,0.1893508475990824
1.0000000000000002,0.5,0.0,0.5,0.0,0.8,0.0,0.0866720442550776
0.0,0.5,0.3902439024390244,0.5,0.5,0.2,0.0,0.1047050090923684
1.0000000000000002,0.5,0.3902439024390244,0.5,0.5,0.6000000000000001,0.0,0.1909552039013324
0.1578947368421052,1.0,0.0,0.5,0.0,0.8,0.0,0.0424367322894385
1.0000000000000002,0.5,0.3902439024390244,0.5,0.5,0.0,1.0,0.2361980516247845
0.0,0.0,0.0,0.5,0.5,0.0,1.0,0.0666240079021607
1.0000000000000002,1.0,0.0,0.5,1.0,1.0,1.0,0.1790829672646819
0.0,0.0,0.0,0.5,0.5,0.6000000000000001,1.0,0.0463962836433917
0.0,0.0,0.0,1.0,0.0,0.0,0.0,0.0804914220362894
1.0000000000000002,0.0,0.3902439024390244,0.5,0.5,0.2,1.0,0.1616917449482911
1.0000000000000002,1.0,1.0000000000000002,0.5,0.0,0.3999999999999999,1.0,0.2553861529996954
0.1578947368421052,0.5,0.3902439024390244,0.5,0.5,0.3999999999999999,1.0,0.0628184747532235
0.0,1.0,0.3902439024390244,0.5,0.5,1.0,1.0,0.0392087674093114
0.1578947368421052,0.0,0.0,0.5,1.0,1.0,1.0,0.0881480520531477
0.1578947368421052,0.0,0.3902439024390244,0.5,1.0,0.3999999999999999,1.0,0.0882764005573277
1.0000000000000002,0.5,1.0000000000000002,0.5,0.5,1.0,0.0,0.1328133315077897
0.0,1.0,0.3902439024390244,0.5,0.5,0.3999999999999999,0.0,0.0722328375348269
1.0000000000000002,0.0,0.0,0.5,0.5,1.0,0.0,0.1279360883489495
0.0,0.0,1.0000000000000002,0.5,1.0,0.6000000000000001,1.0,0.1128551391077988
0.1578947368421052,0.5,0.0,0.5,1.0,0.0,1.0,0.0873137867759776
0.1578947368421052,0.5,0.3902439024390244,0.5,0.5,0.8,1.0,0.0467556594550957
1.0000000000000002,0.5,0.3902439024390244,0.5,1.0,0.3999999999999999,0.0,0.2369681426498646
1.0000000000000002,0.0,0.0,0.0,1.0,0.0,1.0,0.1144132899485441
1.0000000000000002,0.0,0.0,0.5,0.0,1.0,0.0,0.0494317257672489
0.0,0.0,1.0000000000000002,0.5,0.0,0.6000000000000001,1.0,0.0917418101701878
0.0,1.0,1.0000000000000002,0.5,0.0,1.0,1.0,0.0648977205209396
1.0000000000000002,0.5,1.0000000000000002,0.5,0.5,0.3999999999999999,0.0,0.2376740594228546
0.1578947368421052,1.0,0.3902439024390244,0.5,0.0,1.0,1.0,0.0403061471200504
0.0,0.0,0.0,0.0,1.0,0.3999999999999999,0.0,0.0679721805900675
1.0000000000000002,0.5,1.0000000000000002,0.5,1.0,0.3999999999999999,1.0,0.2944040982704173
0.0,0.5,0.0,0.0,0.5,1.0,0.0,0.0
0.1578947368421052,0.5,0.0,1.0,0.0,1.0,0.0,0.0361622873140948
0.0,1.0,1.0000000000000002,0.5,0.0,0.3999999999999999,0.0,0.1229946709380193
0.0,0.5,0.0,0.5,1.0,0.2,0.0,0.0688829415757288
0.1578947368421052,1.0,0.0,0.5,0.5,0.0,0.0,0.1050258803528185
1.0000000000000002,1.0,1.0000000000000002,0.5,1.0,0.3999999999999999,1.0,0.2376098851707646
0.0,0.0,0.0,0.5,0.5,0.3999999999999999,1.0,0.0447919273411416
0.1578947368421052,0.5,1.0000000000000002,0.5,1.0,1.0,0.0,0.1288345278782096
0.1578947368421052,0.0,0.0,0.5,0.5,0.6000000000000001,1.0,0.0507793850611389
0.0,0.5,0.3902439024390244,0.5,1.0,0.6000000000000001,0.0,0.0902016281200278
0.1578947368421052,0.5,0.0,1.0,0.0,0.0,1.0,0.0750802491000604
0.0,1.0,1.0000000000000002,0.5,0.5,1.0,0.0,0.0697107894276898
0.1578947368421052,0.0,0.0,0.5,0.5,0.0,1.0,0.0864795214988076
0.1578947368421052,0.0,0.0,0.5,0.5,1.0,0.0,0.0640185332673065
0.1578947368421052,0.5,0.0,0.5,0.5,0.8,1.0,0.0549442940217801
1.0000000000000002,0.0,1.0000000000000002,0.5,0.0,0.3999999999999999,1.0,0.2375457109186746
0.1578947368421052,1.0,0.0,0.5,1.0,0.0,0.0,0.1050258803528185
0.0,0.5,1.0000000000000002,0.5,1.0,0.8,0.0,0.1186308217958991
0.0,0.5,1.0000000000000002,0.5,1.0,1.0,1.0,0.1036140468068384
0.1578947368421052,0.5,1.0000000000000002,0.5,0.0,0.8,0.0,0.095207219783048
0.0,0.5,0.0,1.0,0.0,1.0,1.0,0.0296298618453492
0.0,1.0,1.0000000000000002,0.5,1.0,0.2,1.0,0.1412201585315801
0.1578947368421052,1.0,0.3902439024390244,0.5,1.0,0.6000000000000001,1.0,0.0927685982036279
0.1578947368421052,0.0,0.3902439024390244,0.5,0.5,0.0,0.0,0.1902492871283424
0.1578947368421052,1.0,0.3902439024390244,0.5,0.5,0.0,1.0,0.1536057891849507
1.0000000000000002,0.5,0.3902439024390244,0.5,0.0,0.0,1.0,0.2298448006678742
0.1578947368421052,0.5,1.0000000000000002,0.5,1.0,0.6000000000000001,1.0,0.1091330324865786
1.0000000000000002,0.0,0.3902439024390244,0.5,0.5,0.6000000000000001,0.0,0.181200717583652
0.0,1.0,0.3902439024390244,0.5,0.0,0.6000000000000001,1.0,0.0442592810487946
0.1578947368421052,0.5,1.0000000000000002,0.0,0.0,0.3999999999999999,0.0,0.1236973789984048
0.1578947368421052,0.0,0.0,0.5,0.5,0.8,1.0,0.052627603521331
0.0,0.0,0.3902439024390244,0.5,0.5,0.8,0.0,0.0640891249446055
0.1578947368421052,1.0,0.3902439024390244,0.5,1.0,1.0,1.0,0.1080420702010486
0.0,0.0,1.0000000000000002,0.5,0.5,1.0,0.0,0.095014697026778
1.0000000000000002,0.0,0.0,1.0,0.5,1.0,0.0,0.0786733654745796
0.1578947368421052,0.0,1.0000000000000002,0.5,1.0,1.0,1.0,0.1202351780981492
1.0000000000000002,0.0,0.0,0.5,0.0,0.8,0.0,0.095528091043498
1.0000000000000002,0.5,0.0,0.5,0.0,0.3999999999999999,0.0,0.1658630713341413
0.1578947368421052,1.0,0.0,0.5,0.5,1.0,1.0,0.0633318687699435
0.0,0.0,1.0000000000000002,0.5,1.0,0.2,1.0,0.1533490921765907
1.0000000000000002,1.0,0.3902439024390244,0.5,1.0,1.0,1.0,0.266552472863356
1.0000000000000002,0.0,1.0000000000000002,0.0,0.0,0.3999999999999999,0.0,0.2160396355582728
1.0000000000000002,1.0,0.0,0.5,0.5,1.0,0.0,0.13775474891872
1.0000000000000002,1.0,1.0000000000000002,0.5,0.5,0.3999999999999999,0.0,0.2392784157251047
1.0000000000000002,0.0,1.0000000000000002,0.5,0.5,1.0,0.0,0.1362145668685599
0.0,0.5,0.0,0.0,0.0,1.0,1.0,0.0291595929260336
0.0,0.0,0.0,0.0,0.5,0.0,0.0,0.0836885832754134
0.0,1.0,1.0000000000000002,0.5,0.5,0.0,1.0,0.2311924599617643
0.0,0.0,0.0,0.5,1.0,0.2,0.0,0.0684850612127708
0.0,0.0,1.0000000000000002,0.0,1.0,0.3999999999999999,0.0,0.1540909465307511
1.0000000000000002,0.5,0.0,0.5,0.0,0.8,1.0,0.0448240144671866
0.1578947368421052,0.0,1.0000000000000002,0.5,0.5,0.8,1.0,0.0756982471476871
0.1578947368421052,0.5,0.0,0.5,0.5,0.2,1.0,0.0601295735906524
0.1578947368421052,0.5,0.0,0.5,1.0,0.3999999999999999,1.0,0.0767250351811271
0.0,0.0,0.0,1.0,0.0,1.0,1.0,0.0321863073516065
0.0,0.5,0.3902439024390244,0.5,0.5,0.2,1.0,0.0824365436171374
0.1578947368421052,0.5,0.0,1.0,0.0,1.0,1.0,0.0284581041764378
0.0,1.0,1.0000000000000002,0.5,1.0,1.0,0.0,0.1141386241495989
0.0,0.0,0.3902439024390244,0.5,0.5,0.2,1.0,0.0875063095322476
0.1578947368421052,0.5,0.3902439024390244,0.5,0.5,0.2,1.0,0.0854527334653675
1.0000000000000002,0.0,1.0000000000000002,1.0,0.5,1.0,0.0,0.0973333127547898
0.0,0.0,0.0,0.5,0.0,0.8,1.0,0.0344149507781882
1.0000000000000002,0.0,0.0,0.0,0.5,0.3999999999999999,1.0,0.0919272737587279
1.0000000000000002,0.5,0.3902439024390244,0.5,1.0,0.6000000000000001,0.0,0.245374969673655
0.1578947368421052,1.0,1.0000000000000002,0.5,1.0,0.0,1.0,0.2218871934087139
0.0,0.5,0.0,1.0,0.5,0.3999999999999999,0.0,0.0499714312273258
0.0,0.5,1.0000000000000002,0.5,0.0,0.3999999999999999,1.0,0.1022022132608583
0.1578947368421052,0.0,0.3902439024390244,0.5,0.0,1.0,1.0,0.0417629026424935
1.0000000000000002,0.0,0.3902439024390244,0.5,0.0,0.2,1.0,0.2087314717302633
0.1578947368421052,1.0,1.0000000000000002,0.5,0.0,0.0,0.0,0.267065866880076
0.1578947368421052,0.0,1.0000000000000002,0.5,0.0,0.3999999999999999,1.0,0.1041274408235584
0.1578947368421052,0.0,0.3902439024390244,0.5,0.5,0.3999999999999999,0.0,0.0850035137007375
0.1578947368421052,0.5,0.3902439024390244,0.5,1.0,0.2,0.0,0.1186949960479891
0.0,0.0,0.0,1.0,1.0,0.0,0.0,0.0884913843018292
1.0000000000000002,0.0,0.0,0.5,0.5,0.8,0.0,0.1378830974229
0.1578947368421052,0.5,1.0000000000000002,0.5,0.5,0.3999999999999999,0.0,0.1226096254254793
0.0,0.5,0.0,0.5,0.5,1.0,0.0,0.0658667517274986
0.1578947368421052,0.0,0.0,0.5,0.5,0.3999999999999999,0.0,0.0611884487501374
0.1578947368421052,0.0,0.0,0.5,0.5,0.3999999999999999,1.0,0.0510681691955439
0.0,0.0,1.0000000000000002,0.5,0.0,0.0,1.0,0.2408827720273547
0.0,1.0,1.0000000000000002,0.5,0.0,0.2,1.0,0.1353161273392999
1.0000000000000002,1.0,0.3902439024390244,0.5,0.5,1.0,1.0,0.1202993523502392
0.1578947368421052,1.0,1.0000000000000002,0.5,0.5,0.6000000000000001,0.0,0.0925760754473579
0.0,1.0,1.0000000000000002,0.5,0.0,0.0,0.0,0.2790664520209066
1.0000000000000002,0.5,1.0000000000000002,0.5,1.0,0.8,1.0,0.2645630710485659
1.0000000000000002,1.0,0.3902439024390244,0.5,0.5,0.8,1.0,0.1443005226319003
0.1578947368421052,0.5,0.0,0.0,1.0,1.0,0.0,0.1132286332549626
0.0,0.5,0.0,0.5,0.0,0.8,1.0,0.031687545064363
0.1578947368421052,0.5,1.0000000000000002,1.0,0.0,0.0,1.0,0.2345872778973255
0.1578947368421052,0.0,1.0000000000000002,0.5,1.0,0.3999999999999999,1.0,0.1194009128209791
0.1578947368421052,0.0,0.0,0.5,1.0,1.0,0.0,0.0973891443541081
1.0000000000000002,0.0,0.3902439024390244,0.5,1.0,0.6000000000000001,1.0,0.2167532532415136
0.0,1.0,0.3902439024390244,0.5,1.0,0.3999999999999999,1.0,0.0782010429791972
0.0,0.5,0.3902439024390244,0.5,1.0,1.0,1.0,0.0875704837843376
1.0000000000000002,1.0,0.3902439024390244,0.5,1.0,0.0,0.0,0.3331653465327791
0.1578947368421052,0.5,0.3902439024390244,0.5,1.0,0.6000000000000001,1.0,0.0895598855991277
1.0000000000000002,0.0,0.3902439024390244,0.5,0.5,0.8,0.0,0.1500120310679105
0.0,0.5,1.0000000000000002,0.5,1.0,0.6000000000000001,0.0,0.1247273757444493
0.0,0.5,0.0,0.0,0.5,0.0,0.0,0.0799241216478138
0.0,1.0,0.0,0.5,0.0,0.8,1.0,0.031937824647514
0.0,1.0,1.0000000000000002,0.5,1.0,0.6000000000000001,0.0,0.1192083900647091
1.0000000000000002,0.5,1.0000000000000002,0.5,0.5,0.8,0.0,0.1577129413187109
1.0000000000000002,0.0,0.3902439024390244,0.5,0.0,1.0,0.0,0.1573920700582609
0.0,0.0,0.3902439024390244,0.5,0.5,1.0,1.0,0.0494253083420399
0.1578947368421052,0.5,0.0,0.5,0.0,0.8,0.0,0.0425265762423645
0.0,1.0,0.3902439024390244,0.5,0.5,0.2,0.0,0.1000202886897982
0.1578947368421052,0.5,0.0,0.0,1.0,0.3999999999999999,1.0,0.0679995188214578
0.1578947368421052,0.0,0.0,0.5,1.0,0.8,1.0,0.0841050741714775
1.0000000000000002,0.0,1.0000000000000002,0.0,1.0,0.3999999999999999,0.0,0.1997027962037208
0.1578947368421052,0.5,1.0000000000000002,1.0,0.0,0.3999999999999999,0.0,0.1238719329640896
0.0,1.0,1.0000000000000002,0.5,1.0,1.0,1.0,0.1025872587733983
0.1578947368421052,0.5,1.0000000000000002,0.5,1.0,0.6000000000000001,0.0,0.1269734745675995
0.0,0.5,0.0,0.0,0.5,0.3999999999999999,1.0,0.0414442774808666
1.0000000000000002,0.5,1.0000000000000002,0.5,0.0,0.8,1.0,0.2612260099398857
0.0,1.0,0.0,0.5,1.0,0.2,1.0,0.0593530651403633
1.0000000000000002,1.0,0.0,0.5,1.0,0.2,1.0,0.1558518880081008
1.0000000000000002,0.0,0.0,1.0,0.5,0.3999999999999999,1.0,0.0912515188842202
0.1578947368421052,0.5,1.0000000000000002,0.5,1.0,0.8,0.0,0.1261392092904295
0.1578947368421052,0.0,1.0000000000000002,1.0,1.0,1.0,0.0,0.1325437996490117
0.1578947368421052,0.5,1.0000000000000002,1.0,0.0,0.3999999999999999,1.0,0.0994741658045123
1.0000000000000002,0.0,1.0000000000000002,1.0,0.5,0.0,1.0,0.5158758596582266
0.0,0.5,1.0000000000000002,0.5,0.5,0.3999999999999999,1.0,0.1020096905045883
0.0,1.0,0.3902439024390244,0.5,0.0,0.0,0.0,0.1733072845765816
0.0,0.0,1.0000000000000002,0.5,0.5,0.0,0.0,0.2937623557495173
0.0,0.5,0.0,0.5,0.0,0.6000000000000001,1.0,0.031212655598897
0.0,0.5,0.3902439024390244,0.5,0.5,0.8,1.0,0.0454657569880867
0.0,0.5,1.0000000000000002,0.0,1.0,1.0,0.0,0.1183664238772883
1.0000000000000002,0.0,1.0000000000000002,0.5,1.0,0.2,1.0,0.2143788059141835
0.1578947368421052,0.5,0.3902439024390244,0.5,0.5,0.0,0.0,0.1872972715322023
1.0000000000000002,1.0,0.0,0.5,0.5,0.3999999999999999,0.0,0.1754892091476417
1.0000000000000002,0.0,0.3902439024390244,0.5,0.5,1.0,1.0,0.1021380390087683
0.1578947368421052,1.0,1.0000000000000002,0.5,0.5,0.0,0.0,0.2612901841919757
0.1578947368421052,1.0,0.3902439024390244,0.5,0.0,0.2,0.0,0.0995710689251682
0.0,1.0,0.3902439024390244,0.5,1.0,0.0,1.0,0.1407709387669501
1.0000000000000002,0.0,1.0000000000000002,0.5,0.0,1.0,1.0,0.2593007823771857
0.1578947368421052,0.5,0.3902439024390244,0.5,1.0,1.0,1.0,0.1020096905045883
0.0,0.0,1.0000000000000002,0.0,0.5,1.0,1.0,0.0756392068357643
1.0000000000000002,0.0,0.3902439024390244,0.5,1.0,0.6000000000000001,0.0,0.2334385587849144
0.0,0.0,1.0000000000000002,1.0,0.5,0.0,1.0,0.250157234939402
1.0000000000000002,0.5,1.0000000000000002,0.5,0.0,0.2,0.0,0.2723281555514563
0.1578947368421052,0.0,1.0000000000000002,0.5,0.0,1.0,0.0,0.0975174928582881
1.0000000000000002,0.5,0.0,0.5,0.5,0.8,0.0,0.1425036435733802
0.1578947368421052,0.5,1.0000000000000002,0.5,1.0,0.8,1.0,0.1118925253264488
0.1578947368421052,1.0,1.0000000000000002,0.5,0.0,0.2,1.0,0.1280002626010395
0.1578947368421052,0.5,0.0,0.5,1.0,0.6000000000000001,1.0,0.0844259454319275
0.0,0.5,0.0,0.5,0.5,0.2,0.0,0.0558234812754132
0.1578947368421052,0.5,1.0000000000000002,0.5,0.0,0.3999999999999999,1.0,0.0987368036479982
1.0000000000000002,1.0,0.3902439024390244,0.5,0.0,0.3999999999999999,0.0,0.2258018227862041
1.0000000000000002,0.5,0.0,0.5,0.0,0.6000000000000001,1.0,0.0995068946730782
0.0,0.5,0.3902439024390244,0.5,1.0,0.6000000000000001,1.0,0.0790994825084572
0.1578947368421052,1.0,0.3902439024390244,0.5,0.5,1.0,1.0,0.0414933707837155
0.0,0.5,0.0,0.5,0.0,0.2,0.0,0.0479364656935518
0.0,0.5,1.0000000000000002,0.5,0.5,0.2,1.0,0.1409634615232201
0.0,0.5,1.0000000000000002,0.5,0.0,0.6000000000000001,0.0,0.1046408348402784
0.0,0.5,0.3902439024390244,0.5,0.5,0.6000000000000001,0.0,0.0631971028405545
0.1578947368421052,0.0,0.0,1.0,0.0,1.0,1.0,0.0310137795916701
0.0,0.0,1.0000000000000002,0.0,0.0,0.0,0.0,0.2929505514605787
0.1578947368421052,0.5,1.0000000000000002,0.0,0.0,1.0,1.0,0.0746952035875203
0.0,0.5,0.3902439024390244,0.5,0.0,1.0,1.0,0.0361476555846182
1.0000000000000002,0.0,1.0000000000000002,0.0,1.0,1.0,1.0,0.2065360705662643
1.0000000000000002,0.0,0.0,0.5,0.5,0.2,0.0,0.1864630062550322
1.0000000000000002,0.0,1.0000000000000002,1.0,0.0,0.0,1.0,0.4987560944281765
0.0,0.0,0.3902439024390244,0.5,0.0,1.0,1.0,0.0410377335938765
1.0000000000000002,0.0,1.0000000000000002,0.0,0.0,1.0,1.0,0.1860445901314054
1.0000000000000002,1.0,1.0000000000000002,0.5,0.0,0.8,1.0,0.2754726939038664
0.0,1.0,1.0000000000000002,0.5,0.5,0.0,0.0,0.2799007172980766
1.0000000000000002,0.0,0.3902439024390244,0.5,0.5,0.0,0.0,0.2927355677160772
0.0,0.5,0.3902439024390244,0.5,0.5,0.3999999999999999,0.0,0.0767892094332171
0.0,0.0,1.0000000000000002,0.5,0.0,0.3999999999999999,1.0,0.1104165175283787
1.0000000000000002,0.0,0.0,1.0,0.5,1.0,1.0,0.0665958354054932
1.0000000000000002,0.0,0.0,0.5,0.5,0.0,1.0,0.1452631364132503
1.0000000000000002,0.0,0.0,0.0,0.5,0.0,0.0,0.1573221201234828
1.0000000000000002,0.0,1.0000000000000002,0.0,1.0,1.0,0.0,0.2168629912125876
0.0,0.0,0.0,1.0,0.0,0.3999999999999999,0.0,0.0409538578463948
0.0,0.0,0.0,0.0,1.0,1.0,0.0,0.084089030608455
1.0000000000000002,0.5,0.0,0.5,0.0,1.0,0.0,0.05147888440892
0.0,0.5,0.0,0.0,1.0,1.0,0.0,0.1175700214088513
0.0,1.0,0.3902439024390244,0.5,0.5,0.8,0.0,0.051716329141653
0.1578947368421052,0.0,0.0,0.5,0.0,0.0,1.0,0.0850676879528275
0.0,0.0,1.0000000000000002,0.5,0.5,0.3999999999999999,1.0,0.1115716540659988
0.0,0.5,0.0,0.5,0.0,0.3999999999999999,0.0,0.0406783577821725
0.1578947368421052,0.0,0.0,0.0,0.5,1.0,1.0,0.0498457780417336
0.1578947368421052,0.0,1.0000000000000002,0.5,0.5,0.8,0.0,0.0970040988415681
0.0,1.0,1.0000000000000002,0.5,0.0,0.8,1.0,0.0699225644595868
0.1578947368421052,0.0,1.0000000000000002,0.5,1.0,0.2,0.0,0.1769010426936218
0.0,0.0,1.0000000000000002,0.0,0.5,1.0,0.0,0.096035067635009
0.1578947368421052,1.0,0.0,0.5,0.0,0.3999999999999999,0.0,0.0485461210884068
0.0,1.0,0.0,0.5,0.0,0.3999999999999999,0.0,0.0405179221519474
1.0000000000000002,0.5,0.0,0.5,0.5,0.0,0.0,0.1969234093457027
1.0000000000000002,0.0,0.0,0.0,0.0,1.0,0.0,0.040183189253046
0.1578947368421052,0.0,0.3902439024390244,0.5,0.5,0.8,1.0,0.05218480118191
0.1578947368421052,0.0,1.0000000000000002,0.5,0.0,0.3999999999999999,0.0,0.1315298464659897
1.0000000000000002,0.5,1.0000000000000002,0.5,1.0,0.8,0.0,0.2751518226434164
0.1578947368421052,0.0,0.0,0.0,1.0,0.3999999999999999,1.0,0.0648601785834669
0.0,0.5,0.3902439024390244,0.5,0.5,1.0,0.0,0.051677824590399
0.0,0.5,1.0000000000000002,0.0,0.0,1.0,1.0,0.0682139891719426
0.0,1.0,0.3902439024390244,0.5,1.0,0.2,0.0,0.1089405097303086
0.0,0.5,1.0000000000000002,0.0,1.0,0.3999999999999999,1.0,0.116686341957572
1.0000000000000002,0.5,1.0000000000000002,0.5,1.0,0.6000000000000001,0.0,0.2618035782086958
1.0000000000000002,0.5,0.0,0.5,0.0,0.2,0.0,0.1927520829598525
0.1578947368421052,0.5,0.3902439024390244,0.5,0.5,0.6000000000000001,1.0,0.052300314835672
0.1578947368421052,0.0,1.0000000000000002,0.5,0.0,0.8,1.0,0.0827574148775874
0.0,0.0,0.3902439024390244,0.5,0.0,0.2,1.0,0.0843617711798375
1.0000000000000002,0.5,0.0,0.5,0.0,0.2,1.0,0.1664406396029513
0.1578947368421052,0.5,1.0000000000000002,0.0,1.0,0.0,0.0,0.2696732667424928
1.0000000000000002,0.0,1.0000000000000002,0.5,0.0,0.6000000000000001,0.0,0.2591082596209157
0.0,0.0,0.0,0.5,1.0,1.0,0.0,0.0899449311116677
0.0,0.0,0.0,1.0,0.5,0.3999999999999999,1.0,0.043123717658062
0.1578947368421052,1.0,0.3902439024390244,0.5,1.0,0.3999999999999999,1.0,0.0887897945740477
1.0000000000000002,0.5,1.0000000000000002,0.5,1.0,0.2,1.0,0.2634721087630359
0.1578947368421052,0.0,0.0,0.5,1.0,0.2,0.0,0.0817948010962374
0.0,0.0,0.0,0.5,0.5,0.8,1.0,0.0491621939084708
0.0,1.0,0.0,0.5,1.0,0.0,0.0,0.0856452562216376
0.0,0.5,1.0000000000000002,0.5,1.0,0.0,1.0,0.2357488318601545
1.0000000000000002,0.0,0.0,0.5,0.5,0.8,1.0,0.1197217840814291
1.0000000000000002,0.5,0.0,0.5,1.0,0.8,0.0,0.1923670374473125
0.0,0.5,0.0,0.5,0.0,0.0,1.0,0.0605723759300734
0.0,0.5,1.0000000000000002,0.5,1.0,0.3999999999999999,1.0,0.1154221091913989
0.1578947368421052,1.0,1.0000000000000002,0.5,0.5,1.0,0.0,0.0687930976228028
1.0000000000000002,0.0,0.3902439024390244,0.5,0.5,0.3999999999999999,1.0,0.181649937348282
1.0000000000000002,0.0,0.3902439024390244,0.5,1.0,0.0,0.0,0.3129504571244281
0.0,0.5,0.0,0.0,0.0,0.3999999999999999,1.0,0.0309615417504688
1.0000000000000002,0.0,1.0000000000000002,0.0,0.0,0.0,1.0,0.5129578564156941
0.1578947368421052,0.5,0.3902439024390244,0.5,1.0,0.2,1.0,0.0973891443541081
0.0,0.0,0.3902439024390244,0.5,1.0,0.6000000000000001,0.0,0.094501303010058
1.0000000000000002,1.0,0.3902439024390244,0.5,0.0,0.0,1.0,0.2346578695746245
0.1578947368421052,0.5,0.3902439024390244,0.5,1.0,0.0,1.0,0.1488568945302905
1.0000000000000002,1.0,1.0000000000000002,0.5,1.0,0.8,1.0,0.2741892088620664
0.1578947368421052,0.0,1.0000000000000002,1.0,0.5,0.0,0.0,0.2707552446327303
1.0000000000000002,0.5,1.0000000000000002,0.5,0.0,1.0,0.0,0.2842003921881068
0.0,1.0,0.0,0.5,0.5,0.8,0.0,0.0643522393781746
0.1578947368421052,0.0,0.0,1.0,0.0,0.0,1.0,0.0746374467606393
0.0,0.5,0.0,0.5,1.0,0.0,1.0,0.0688316021740568
0.1578947368421052,0.0,0.3902439024390244,0.5,1.0,1.0,1.0,0.0999561144377082
0.0,0.0,1.0000000000000002,0.0,0.0,0.0,1.0,0.2493223279197111
0.0,0.5,1.0000000000000002,0.5,0.0,0.0,0.0,0.2850988317173669
1.0000000000000002,1.0,0.3902439024390244,0.5,1.0,0.8,0.0,0.267643435148886
0.0,0.5,0.0,1.0,0.5,0.0,0.0,0.0802103388121352
1.0000000000000002,1.0,0.3902439024390244,0.5,1.0,0.3999999999999999,0.0,0.246658454715455
1.0000000000000002,0.0,0.0,0.5,1.0,1.0,1.0,0.1567503275373608
0.1578947368421052,0.0,1.0000000000000002,0.0,0.5,1.0,0.0,0.0887320377471667
0.0,0.0,1.0000000000000002,0.5,0.5,0.6000000000000001,1.0,0.0923193784389979
0.0,0.0,1.0000000000000002,0.5,0.0,0.6000000000000001,0.0,0.116641419981109
1.0000000000000002,1.0,1.0000000000000002,0.5,0.5,0.6000000000000001,0.0,0.203854228571423
1.0000000000000002,0.5,0.3902439024390244,0.5,1.0,1.0,1.0,0.2512790008659353
1.0000000000000002,0.0,1.0000000000000002,0.5,1.0,0.0,0.0,0.2836228239192968
0.1578947368421052,0.5,0.0,0.5,0.5,0.3999999999999999,1.0,0.0528907179549
0.1578947368421052,1.0,0.0,0.5,1.0,0.0,1.0,0.0875704837843376
