    dirname, B4TOD4, B5TOB4, R45TOB4, OMEGA5, GAMMAU, ALPHA4, RE, pt_loss
    "ubend_0.01_1.01_2.26_10.48_0.41_42.3_333950.24_0.5",   0.01,   1.01,   2.26,   10.48,   0.41,   42.3,   333950,   0.100867
    "ubend_0.01_1.02_4.27_-6.68_-0.33_30.68_126997.54_0.5",   0.01,   1.02,   4.27,   -6.68,   -0.33,   30.68,   126997,   0.166916
    "ubend_0.01_1.03_3.22_9.58_0.39_33.69_189689.98_0.5",   0.01,   1.03,   3.22,   9.58,   0.39,   33.69,   189689,   0.138787
    "ubend_0.01_1.03_4.06_2.58_0.47_28.62_205213.62_0.5",   0.01,   1.03,   4.06,   2.58,   0.47,   28.62,   205213,   0.176488
    "ubend_0.01_1.04_4.26_7.26_0.63_59.88_486304.05_0.5",   0.01,   1.04,   4.26,   7.26,   0.63,   59.88,   486304,   0.171453
    "ubend_0.01_1.06_4.74_-5.87_0.35_11.18_493048.68_0.5",   0.01,   1.06,   4.74,   -5.87,   0.35,   11.18,   493048,   0.325602
    "ubend_0.01_1.07_1.47_6.17_0.83_58.4_453121.53_0.5",   0.01,   1.07,   1.47,   6.17,   0.83,   58.4,   453121,   0.141776
    "ubend_0.01_1.08_0.9_-6.71_0.9_51.5_211305.38_0.5",   0.01,   1.08,   0.9,   -6.71,   0.9,   51.5,   211305,   0.136336
    "ubend_0.01_1.08_1.55_8.36_-0.34_34.2_302964.08_0.5",   0.01,   1.08,   1.55,   8.36,   -0.34,   34.2,   302964,   0.0561077
    "ubend_0.01_1.08_4.32_-3.31_0.57_22.71_392620.81_0.5",   0.01,   1.08,   4.32,   -3.31,   0.57,   22.71,   392620,   0.193131
    "ubend_0.01_1.09_1.71_7.08_0.63_51.85_484359.49_0.5",   0.01,   1.09,   1.71,   7.08,   0.63,   51.85,   484359,   0.116411
    "ubend_0.01_1.0_4.33_10.72_0.3_35.44_385371.81_0.5",   0.01,   1,   4.33,   10.72,   0.3,   35.44,   385371,   0.153868
    "ubend_0.01_1.11_0.95_-7.73_0.93_23.31_130084.44_0.5",   0.01,   1.11,   0.95,   -7.73,   0.93,   23.31,   130084,   0.109922
    "ubend_0.01_1.11_3.07_11.8_-0.32_16.78_162069.12_0.5",   0.01,   1.11,   3.07,   11.8,   -0.32,   16.78,   162069,   0.108824
    "ubend_0.01_1.12_1.5_14.38_0.38_28.48_480956.06_0.5",   0.01,   1.12,   1.5,   14.38,   0.38,   28.48,   480956,   0.0809217
    "ubend_0.01_1.13_3.55_-14.86_0.03_10.93_338021.79_0.5",   0.01,   1.13,   3.55,   -14.86,   0.03,   10.93,   338021,   0.352007
    "ubend_0.01_1.14_2.05_-2.91_-0.62_44.72_112864.38_0.5",   0.01,   1.14,   2.05,   -2.91,   -0.62,   44.72,   112864,   0.0674409
    "ubend_0.01_1.14_4.91_-10.12_0.16_47.9_485336.78_0.5",   0.01,   1.14,   4.91,   -10.12,   0.16,   47.9,   485336,   0.115162
    "ubend_0.01_1.15_2.38_12.24_0.71_31.71_361096.44_0.5",   0.01,   1.15,   2.38,   12.24,   0.71,   31.71,   361096,   0.13056
    "ubend_0.01_1.16_1.94_6.02_0.57_28.95_125541.91_0.5",   0.01,   1.16,   1.94,   6.02,   0.57,   28.95,   125541,   0.11986
    "ubend_0.01_1.16_4.95_6.56_0.72_26.78_301879.94_0.5",   0.01,   1.16,   4.95,   6.56,   0.72,   26.78,   301879,   0.204657
    "ubend_0.01_1.17_2.24_5.72_-0.23_35.85_451456.12_0.5",   0.01,   1.17,   2.24,   5.72,   -0.23,   35.85,   451456,   0.0658223
    "ubend_0.01_1.18_3.73_-1.24_0.03_54.9_381278.18_0.5",   0.01,   1.18,   3.73,   -1.24,   0.03,   54.9,   381278,   0.0788518
    "ubend_0.01_1.19_2.05_-6.23_-0.15_34.91_292793.08_0.5",   0.01,   1.19,   2.05,   -6.23,   -0.15,   34.91,   292793,   0.0672367
    "ubend_0.01_1.19_2.15_-2.09_-0.39_10.34_155548.93_0.5",   0.01,   1.19,   2.15,   -2.09,   -0.39,   10.34,   155548,   0.217856
    "ubend_0.01_1.19_2.36_-7.91_-0.15_31.81_393802.97_0.5",   0.01,   1.19,   2.36,   -7.91,   -0.15,   31.81,   393802,   0.0772192
    "ubend_0.01_1.19_3.89_-2.77_-0.5_16.16_165245.08_0.5",   0.01,   1.19,   3.89,   -2.77,   -0.5,   16.16,   165245,   0.238015
    "ubend_0.01_1.21_2.07_12.15_0.81_55.16_139342.55_0.5",   0.01,   1.21,   2.07,   12.15,   0.81,   55.16,   139342,   0.167036
    "ubend_0.01_1.21_2.31_-7.49_0.23_34.59_247107.22_0.5",   0.01,   1.21,   2.31,   -7.49,   0.23,   34.59,   247107,   0.0904123
    "ubend_0.01_1.22_2.7_-4.17_0.66_26.48_373062.61_0.5",   0.01,   1.22,   2.7,   -4.17,   0.66,   26.48,   373062,   0.137569
    "ubend_0.01_1.22_2.91_-12.8_0.71_33.93_345841.54_0.5",   0.01,   1.22,   2.91,   -12.8,   0.71,   33.93,   345841,   0.154363
    "ubend_0.01_1.24_3.61_3.01_0.21_55.25_119513.2_0.5",   0.01,   1.24,   3.61,   3.01,   0.21,   55.25,   119513,   0.104062
    "ubend_0.01_1.24_4.57_9.96_0.35_26.89_391102.71_0.5",   0.01,   1.24,   4.57,   9.96,   0.35,   26.89,   391102,   0.153893
    "ubend_0.01_1.26_1.34_-6.96_0.46_17.85_322526.87_0.5",   0.01,   1.26,   1.34,   -6.96,   0.46,   17.85,   322526,   0.0956684
    "ubend_0.01_1.27_1.52_6.95_-0.06_24.03_147595.43_0.5",   0.01,   1.27,   1.52,   6.95,   -0.06,   24.03,   147595,   0.0804396
    "ubend_0.01_1.27_2.18_-10.03_-0.2_41.54_152487.19_0.5",   0.01,   1.27,   2.18,   -10.03,   -0.2,   41.54,   152487,   0.0835533
    "ubend_0.01_1.27_4.55_9.2_-0.51_37.91_194593.7_0.5",   0.01,   1.27,   4.55,   9.2,   -0.51,   37.91,   194593,   0.16585
    "ubend_0.01_1.28_3.65_13.33_-0.99_35.17_437146.64_0.5",   0.01,   1.28,   3.65,   13.33,   -0.99,   35.17,   437146,   0.0339746
    "ubend_0.01_1.2_2.47_-13.08_0.93_15.59_258137.9_0.5",   0.01,   1.2,   2.47,   -13.08,   0.93,   15.59,   258137,   0.261866
    "ubend_0.01_1.2_2.68_-1.04_-0.47_47.35_412445.47_0.5",   0.01,   1.2,   2.68,   -1.04,   -0.47,   47.35,   412445,   0.063712
    "ubend_0.01_1.2_3.14_-5.2_0.55_18.26_388918.18_0.5",   0.01,   1.2,   3.14,   -5.2,   0.55,   18.26,   388918,   0.173685
    "ubend_0.01_1.31_2.65_-10.2_0.21_15.8_137031.53_0.5",   0.01,   1.31,   2.65,   -10.2,   0.21,   15.8,   137031,   0.080289
    "ubend_0.01_1.31_4.02_-14.08_0.55_57.01_159244.87_0.5",   0.01,   1.31,   4.02,   -14.08,   0.55,   57.01,   159244,   0.18329
    "ubend_0.01_1.32_3.77_7.02_-0.4_39.4_332632.79_0.5",   0.01,   1.32,   3.77,   7.02,   -0.4,   39.4,   332632,   0.102118
    "ubend_0.01_1.32_3.95_-8.04_-0.41_56.25_283123.05_0.5",   0.01,   1.32,   3.95,   -8.04,   -0.41,   56.25,   283123,   0.0847017
    "ubend_0.01_1.34_3.33_3.28_-0.77_55.57_220378.41_0.5",   0.01,   1.34,   3.33,   3.28,   -0.77,   55.57,   220378,   0.106692
    "ubend_0.01_1.35_1.07_-11.16_-0.29_24.43_217100.58_0.5",   0.01,   1.35,   1.07,   -11.16,   -0.29,   24.43,   217100,   0.0540944
    "ubend_0.01_1.35_2.64_6.22_-0.58_17.13_136435.58_0.5",   0.01,   1.35,   2.64,   6.22,   -0.58,   17.13,   136435,   0.162084
    "ubend_0.01_1.37_1.0_-4.46_-0.44_11.11_339899.55_0.5",   0.01,   1.37,   1,   -4.46,   -0.44,   11.11,   339899,   0.0891049
    "ubend_0.01_1.37_1.14_-7.52_0.75_50.44_218973.16_0.5",   0.01,   1.37,   1.14,   -7.52,   0.75,   50.44,   218973,   0.127091
    "ubend_0.01_1.37_4.34_-8.31_-0.03_53.61_251937.0_0.5",   0.01,   1.37,   4.34,   -8.31,   -0.03,   53.61,   251937,   0.0931814
    "ubend_0.01_1.38_0.92_0.38_0.53_57.16_105305.54_0.5",   0.01,   1.38,   0.92,   0.38,   0.53,   57.16,   105305,   0.121877
    "ubend_0.01_1.38_4.5_-0.86_0.83_11.83_398036.91_0.5",   0.01,   1.38,   4.5,   -0.86,   0.83,   11.83,   398036,   0.299453
    "ubend_0.01_1.3_3.86_7.09_0.92_12.86_462857.03_0.5",   0.01,   1.3,   3.86,   7.09,   0.92,   12.86,   462857,   0.249856
    "ubend_0.01_1.3_4.09_-4.93_-0.6_45.92_161460.76_0.5",   0.01,   1.3,   4.09,   -4.93,   -0.6,   45.92,   161460,   0.118449
    "ubend_0.01_1.41_3.36_-9.34_-0.89_46.64_461297.42_0.5",   0.01,   1.41,   3.36,   -9.34,   -0.89,   46.64,   461297,   0.116741
    "ubend_0.01_1.42_1.24_11.42_0.27_25.93_358515.31_0.5",   0.01,   1.42,   1.24,   11.42,   0.27,   25.93,   358515,   0.0610196
    "ubend_0.01_1.42_1.93_3.96_-0.59_10.09_100034.41_0.5",   0.01,   1.42,   1.93,   3.96,   -0.59,   10.09,   100034,   0.21048
    "ubend_0.01_1.44_3.97_-14.45_-0.88_45.6_411875.55_0.5",   0.01,   1.44,   3.97,   -14.45,   -0.88,   45.6,   411875,   0.338563
    "ubend_0.01_1.44_4.06_14.33_-0.29_13.32_181880.82_0.5",   0.01,   1.44,   4.06,   14.33,   -0.29,   13.32,   181880,   0.140301
    "ubend_0.01_1.46_1.43_-10.73_-0.55_34.73_275886.85_0.5",   0.01,   1.46,   1.43,   -10.73,   -0.55,   34.73,   275886,   0.272746
    "ubend_0.01_1.46_3.6_-9.5_0.81_54.69_367452.67_0.5",   0.01,   1.46,   3.6,   -9.5,   0.81,   54.69,   367452,   0.20649
    "ubend_0.01_1.47_1.53_9.32_0.44_37.04_291156.79_0.5",   0.01,   1.47,   1.53,   9.32,   0.44,   37.04,   291156,   0.0829284
    "ubend_0.01_1.47_3.28_-5.03_0.69_34.78_310205.22_0.5",   0.01,   1.47,   3.28,   -5.03,   0.69,   34.78,   310205,   0.154895
    "ubend_0.01_1.47_4.98_-5.17_-0.84_26.3_317609.31_0.5",   0.01,   1.47,   4.98,   -5.17,   -0.84,   26.3,   317609,   0.185555
    "ubend_0.01_1.48_1.32_8.95_0.82_36.91_344283.98_0.5",   0.01,   1.48,   1.32,   8.95,   0.82,   36.91,   344283,   0.121496
    "ubend_0.01_1.48_1.56_-9.4_-0.52_48.99_300199.66_0.5",   0.01,   1.48,   1.56,   -9.4,   -0.52,   48.99,   300199,   0.0588116
    "ubend_0.01_1.48_3.9_12.33_0.21_14.84_184759.58_0.5",   0.01,   1.48,   3.9,   12.33,   0.21,   14.84,   184759,   0.204275
    "ubend_0.01_1.4_1.76_12.39_0.46_45.15_487255.72_0.5",   0.01,   1.4,   1.76,   12.39,   0.46,   45.15,   487255,   0.088253
    "ubend_0.02_1.01_1.21_-9.43_0.32_43.6_185634.46_0.5",   0.02,   1.01,   1.21,   -9.43,   0.32,   43.6,   185634,   0.077561
    "ubend_0.02_1.01_2.88_8.11_-0.85_38.67_354835.53_0.5",   0.02,   1.01,   2.88,   8.11,   -0.85,   38.67,   354835,   0.102176
    "ubend_0.02_1.02_1.15_-10.55_-0.18_45.76_492034.63_0.5",   0.02,   1.02,   1.15,   -10.55,   -0.18,   45.76,   492034,   0.0430824
    "ubend_0.02_1.02_1.7_11.58_0.08_47.25_345064.47_0.5",   0.02,   1.02,   1.7,   11.58,   0.08,   47.25,   345064,   0.0621964
    "ubend_0.02_1.02_3.79_11.14_0.88_32.21_122213.32_0.5",   0.02,   1.02,   3.79,   11.14,   0.88,   32.21,   122213,   0.202672
    "ubend_0.02_1.03_2.45_-5.72_-0.23_23.39_460010.36_0.5",   0.02,   1.03,   2.45,   -5.72,   -0.23,   23.39,   460010,   0.103168
    "ubend_0.02_1.05_3.99_-14.95_0.45_28.87_113461.84_0.5",   0.02,   1.05,   3.99,   -14.95,   0.45,   28.87,   113461,   0.207433
    "ubend_0.02_1.06_1.67_-7.2_-0.72_47.13_225205.78_0.5",   0.02,   1.06,   1.67,   -7.2,   -0.72,   47.13,   225205,   0.052148
    "ubend_0.02_1.06_4.07_-10.07_0.71_42.98_189191.12_0.5",   0.02,   1.06,   4.07,   -10.07,   0.71,   42.98,   189191,   0.186539
    "ubend_0.02_1.07_4.41_9.53_0.06_31.62_406876.42_0.5",   0.02,   1.07,   4.41,   9.53,   0.06,   31.62,   406876,   0.132893
    "ubend_0.02_1.08_4.83_0.67_0.9_10.04_394908.62_0.5",   0.02,   1.08,   4.83,   0.67,   0.9,   10.04,   394908,   0.348248
    "ubend_0.02_1.0_4.49_7.61_0.35_48.5_220082.15_0.5",   0.02,   1,   4.49,   7.61,   0.35,   48.5,   220082,   0.145209
    "ubend_0.02_1.11_2.17_8.51_0.13_57.42_262019.79_0.5",   0.02,   1.11,   2.17,   8.51,   0.13,   57.42,   262019,   0.0673922
    "ubend_0.02_1.12_2.01_14.54_0.32_55.07_228598.22_0.5",   0.02,   1.12,   2.01,   14.54,   0.32,   55.07,   228598,   0.0866602
    "ubend_0.02_1.14_1.69_-12.21_0.28_38.93_184438.6_0.5",   0.02,   1.14,   1.69,   -12.21,   0.28,   38.93,   184438,   0.0822123
    "ubend_0.02_1.14_4.16_-11.47_-0.57_51.13_455744.25_0.5",   0.02,   1.14,   4.16,   -11.47,   -0.57,   51.13,   455744,   0.107789
    "ubend_0.02_1.15_1.65_13.8_-0.1_58.29_175928.27_0.5",   0.02,   1.15,   1.65,   13.8,   -0.1,   58.29,   175928,   0.0492093
    "ubend_0.02_1.15_3.62_-9.96_0.78_21.86_207177.82_0.5",   0.02,   1.15,   3.62,   -9.96,   0.78,   21.86,   207177,   0.198834
    "ubend_0.02_1.15_3.69_7.19_0.62_32.53_400606.33_0.5",   0.02,   1.15,   3.69,   7.19,   0.62,   32.53,   400606,   0.153437
    "ubend_0.02_1.16_2.46_0.93_0.96_10.71_423070.16_0.5",   0.02,   1.16,   2.46,   0.93,   0.96,   10.71,   423070,   0.215732
    "ubend_0.02_1.16_3.33_-6.63_0.62_20.06_139243.08_0.5",   0.02,   1.16,   3.33,   -6.63,   0.62,   20.06,   139243,   0.198081
    "ubend_0.02_1.17_3.99_14.89_0.6_27.88_432850.49_0.5",   0.02,   1.17,   3.99,   14.89,   0.6,   27.88,   432850,   0.153029
    "ubend_0.02_1.18_2.29_-8.69_0.72_40.61_405872.71_0.5",   0.02,   1.18,   2.29,   -8.69,   0.72,   40.61,   405872,   0.142803
    "ubend_0.02_1.22_2.57_-13.96_-0.28_30.39_305455.17_0.5",   0.02,   1.22,   2.57,   -13.96,   -0.28,   30.39,   305455,   -0.0484329
    "ubend_0.02_1.22_3.71_2.34_-0.91_32.16_202387.51_0.5",   0.02,   1.22,   3.71,   2.34,   -0.91,   32.16,   202387,   0.15103
    "ubend_0.02_1.22_4.13_1.5_0.07_59.5_101435.54_0.5",   0.02,   1.22,   4.13,   1.5,   0.07,   59.5,   101435,   0.0968037
    "ubend_0.02_1.23_1.68_-5.82_0.22_43.95_274115.68_0.5",   0.02,   1.23,   1.68,   -5.82,   0.22,   43.95,   274115,   0.0689834
    "ubend_0.02_1.24_1.45_1.76_-0.97_54.93_308265.2_0.5",   0.02,   1.24,   1.45,   1.76,   -0.97,   54.93,   308265,   0.0511754
    "ubend_0.02_1.24_3.18_9.83_-0.63_29.4_186650.9_0.5",   0.02,   1.24,   3.18,   9.83,   -0.63,   29.4,   186650,   0.117665
    "ubend_0.02_1.26_3.7_-4.68_-0.9_39.61_357470.87_0.5",   0.02,   1.26,   3.7,   -4.68,   -0.9,   39.61,   357470,   0.136779
    "ubend_0.02_1.28_2.54_10.66_0.84_38.42_433969.19_0.5",   0.02,   1.28,   2.54,   10.66,   0.84,   38.42,   433969,   0.164703
    "ubend_0.02_1.28_4.82_-10.26_0.36_46.74_379093.29_0.5",   0.02,   1.28,   4.82,   -10.26,   0.36,   46.74,   379093,   0.133286
    "ubend_0.02_1.29_2.44_-3.64_0.95_28.37_219736.22_0.5",   0.02,   1.29,   2.44,   -3.64,   0.95,   28.37,   219736,   0.169124
    "ubend_0.02_1.29_3.34_-2.2_0.13_15.05_394570.55_0.5",   0.02,   1.29,   3.34,   -2.2,   0.13,   15.05,   394570,   0.193731
    "ubend_0.02_1.29_3.53_-4.63_0.84_58.62_485182.27_0.5",   0.02,   1.29,   3.53,   -4.63,   0.84,   58.62,   485182,   0.219832
    "ubend_0.02_1.2_1.43_13.89_0.83_14.45_109228.38_0.5",   0.02,   1.2,   1.43,   13.89,   0.83,   14.45,   109228,   -0.0795485
    "ubend_0.02_1.2_2.87_6.53_0.99_36.04_268635.83_0.5",   0.02,   1.2,   2.87,   6.53,   0.99,   36.04,   268635,   0.192914
    "ubend_0.02_1.2_3.99_7.92_0.99_21.59_480274.83_0.5",   0.02,   1.2,   3.99,   7.92,   0.99,   21.59,   480274,   0.19567
    "ubend_0.02_1.2_4.08_13.41_0.79_43.19_454462.72_0.5",   0.02,   1.2,   4.08,   13.41,   0.79,   43.19,   454462,   0.187006
    "ubend_0.02_1.31_2.43_-6.9_-0.53_59.02_142438.44_0.5",   0.02,   1.31,   2.43,   -6.9,   -0.53,   59.02,   142438,   0.064434
    "ubend_0.02_1.32_3.11_-3.19_-0.49_44.56_480140.28_0.5",   0.02,   1.32,   3.11,   -3.19,   -0.49,   44.56,   480140,   0.0755427
    "ubend_0.02_1.32_4.33_-2.81_-0.02_20.91_143408.73_0.5",   0.02,   1.32,   4.33,   -2.81,   -0.02,   20.91,   143408,   0.202563
    "ubend_0.02_1.32_4.6_-7.27_0.32_24.64_239977.73_0.5",   0.02,   1.32,   4.6,   -7.27,   0.32,   24.64,   239977,   0.176879
    "ubend_0.02_1.33_2.64_8.44_0.84_29.16_387360.4_0.5",   0.02,   1.33,   2.64,   8.44,   0.84,   29.16,   387360,   0.155628
    "ubend_0.02_1.33_2.72_-8.65_0.74_36.48_293693.25_0.5",   0.02,   1.33,   2.72,   -8.65,   0.74,   36.48,   293693,   0.156676
    "ubend_0.02_1.34_1.38_6.94_0.94_51.69_329023.02_0.5",   0.02,   1.34,   1.38,   6.94,   0.94,   51.69,   329023,   0.157805
    "ubend_0.02_1.35_1.77_-4.23_0.67_44.3_313956.19_0.5",   0.02,   1.35,   1.77,   -4.23,   0.67,   44.3,   313956,   0.12956
    "ubend_0.02_1.35_3.25_-4.03_-0.4_15.41_117429.23_0.5",   0.02,   1.35,   3.25,   -4.03,   -0.4,   15.41,   117429,   0.217705
    "ubend_0.02_1.35_4.86_5.06_-0.09_12.8_459321.01_0.5",   0.02,   1.35,   4.86,   5.06,   -0.09,   12.8,   459321,   0.27758
    "ubend_0.02_1.36_3.23_2.99_0.96_46.96_238812.74_0.5",   0.02,   1.36,   3.23,   2.99,   0.96,   46.96,   238812,   0.229398
    "ubend_0.02_1.36_3.39_-11.82_0.89_53.14_374800.8_0.5",   0.02,   1.36,   3.39,   -11.82,   0.89,   53.14,   374800,   0.228757
    "ubend_0.02_1.38_1.3_10.41_0.61_57.91_326529.61_0.5",   0.02,   1.38,   1.3,   10.41,   0.61,   57.91,   326529,   0.115863
    "ubend_0.02_1.38_2.49_1.73_0.11_19.8_214187.2_0.5",   0.02,   1.38,   2.49,   1.73,   0.11,   19.8,   214187,   0.133248
    "ubend_0.02_1.39_1.23_-5.69_0.01_33.38_403837.03_0.5",   0.02,   1.39,   1.23,   -5.69,   0.01,   33.38,   403837,   0.0497844
    "ubend_0.02_1.39_2.39_11.73_-0.82_22.99_257201.29_0.5",   0.02,   1.39,   2.39,   11.73,   -0.82,   22.99,   257201,   -0.325329
    "ubend_0.02_1.39_3.89_-5.27_-0.83_20.77_198087.48_0.5",   0.02,   1.39,   3.89,   -5.27,   -0.83,   20.77,   198087,   0.190306
    "ubend_0.02_1.3_3.16_0.71_0.01_32.98_185054.74_0.5",   0.02,   1.3,   3.16,   0.71,   0.01,   32.98,   185054,   0.105045
    "ubend_0.02_1.3_3.82_14.96_0.33_52.38_208876.03_0.5",   0.02,   1.3,   3.82,   14.96,   0.33,   52.38,   208876,   0.128644
    "ubend_0.02_1.41_1.73_12.52_0.54_12.42_364332.59_0.5",   0.02,   1.41,   1.73,   12.52,   0.54,   12.42,   364332,   0.00966937
    "ubend_0.02_1.41_2.98_-11.34_-0.3_45.73_120468.55_0.5",   0.02,   1.41,   2.98,   -11.34,   -0.3,   45.73,   120468,   0.0774574
    "ubend_0.02_1.42_1.44_-0.39_0.5_27.56_334321.85_0.5",   0.02,   1.42,   1.44,   -0.39,   0.5,   27.56,   334321,   0.0913942
    "ubend_0.02_1.42_1.89_10.09_-0.16_31.33_240231.94_0.5",   0.02,   1.42,   1.89,   10.09,   -0.16,   31.33,   240231,   0.0595096
    "ubend_0.02_1.43_1.16_-1.99_-0.21_23.52_254602.0_0.5",   0.02,   1.43,   1.16,   -1.99,   -0.21,   23.52,   254602,   0.0563309
    "ubend_0.02_1.43_2.61_-0.84_-0.18_47.98_221887.46_0.5",   0.02,   1.43,   2.61,   -0.84,   -0.18,   47.98,   221887,   0.0577151
    "ubend_0.02_1.44_1.64_14.43_0.4_20.16_477218.1_0.5",   0.02,   1.44,   1.64,   14.43,   0.4,   20.16,   477218,   -0.143065
    "ubend_0.02_1.45_1.56_-8.78_-0.47_14.11_199447.82_0.5",   0.02,   1.45,   1.56,   -8.78,   -0.47,   14.11,   199447,   0.148615
    "ubend_0.02_1.45_2.1_9.32_-0.3_39.82_285324.43_0.5",   0.02,   1.45,   2.1,   9.32,   -0.3,   39.82,   285324,   0.0541174
    "ubend_0.02_1.45_3.62_9.07_0.55_40.66_209674.07_0.5",   0.02,   1.45,   3.62,   9.07,   0.55,   40.66,   209674,   0.151103
    "ubend_0.02_1.47_4.67_-10.17_-0.55_40.54_476392.11_0.5",   0.02,   1.47,   4.67,   -10.17,   -0.55,   40.54,   476392,   0.088991
    "ubend_0.02_1.48_1.11_3.04_0.87_36.55_485132.18_0.5",   0.02,   1.48,   1.11,   3.04,   0.87,   36.55,   485132,   0.127206
    "ubend_0.02_1.48_4.77_8.68_-0.47_10.24_288479.6_0.5",   0.02,   1.48,   4.77,   8.68,   -0.47,   10.24,   288479,   0.353648
    "ubend_0.02_1.49_2.37_4.71_0.44_55.79_470059.08_0.5",   0.02,   1.49,   2.37,   4.71,   0.44,   55.79,   470059,   0.109191
    "ubend_0.02_1.4_3.31_2.09_0.5_29.99_405281.32_0.5",   0.02,   1.4,   3.31,   2.09,   0.5,   29.99,   405281,   0.134602
    "ubend_0.03_1.01_2.23_-0.48_-0.02_35.15_448777.17_0.5",   0.03,   1.01,   2.23,   -0.48,   -0.02,   35.15,   448777,   0.0733202
    "ubend_0.03_1.02_3.31_3.48_0.43_49.62_165730.33_0.5",   0.03,   1.02,   3.31,   3.48,   0.43,   49.62,   165730,   0.136834
    "ubend_0.03_1.04_4.62_7.65_-0.87_44.07_204663.1_0.5",   0.03,   1.04,   4.62,   7.65,   -0.87,   44.07,   204663,   0.179413
    "ubend_0.03_1.04_4.86_-13.9_-0.54_29.63_383962.01_0.5",   0.03,   1.04,   4.86,   -13.9,   -0.54,   29.63,   383962,   0.1598
    "ubend_0.03_1.05_1.22_13.07_-0.09_43.83_283663.73_0.5",   0.03,   1.05,   1.22,   13.07,   -0.09,   43.83,   283663,   0.0488326
    "ubend_0.03_1.06_1.88_4.38_-0.54_26.07_330605.36_0.5",   0.03,   1.06,   1.88,   4.38,   -0.54,   26.07,   330605,   0.0772284
    "ubend_0.03_1.07_3.15_3.31_0.39_49.22_420708.02_0.5",   0.03,   1.07,   3.15,   3.31,   0.39,   49.22,   420708,   0.114819
    "ubend_0.03_1.07_3.2_-0.61_0.77_23.97_188479.44_0.5",   0.03,   1.07,   3.2,   -0.61,   0.77,   23.97,   188479,   0.180952
    "ubend_0.03_1.09_1.45_7.33_0.06_27.73_112047.02_0.5",   0.03,   1.09,   1.45,   7.33,   0.06,   27.73,   112047,   0.082207
    "ubend_0.03_1.0_1.09_9.5_0.38_57.59_430418.64_0.5",   0.03,   1,   1.09,   9.5,   0.38,   57.59,   430418,   0.0808414
    "ubend_0.03_1.0_2.69_-2.69_0.08_56.71_208420.91_0.5",   0.03,   1,   2.69,   -2.69,   0.08,   56.71,   208420,   0.0772191
    "ubend_0.03_1.11_1.54_-12.74_-0.56_24.95_178171.92_0.5",   0.03,   1.11,   1.54,   -12.74,   -0.56,   24.95,   178171,   0.0737995
    "ubend_0.03_1.12_2.92_2.72_0.96_21.62_361277.49_0.5",   0.03,   1.12,   2.92,   2.72,   0.96,   21.62,   361277,   0.176743
    "ubend_0.03_1.12_3.57_6.83_0.22_16.05_176494.27_0.5",   0.03,   1.12,   3.57,   6.83,   0.22,   16.05,   176494,   0.224279
    "ubend_0.03_1.13_4.68_-4.4_-0.92_15.45_196833.65_0.5",   0.03,   1.13,   4.68,   -4.4,   -0.92,   15.45,   196833,   0.256351
    "ubend_0.03_1.15_2.26_-13.43_-0.91_58.24_318773.97_0.5",   0.03,   1.15,   2.26,   -13.43,   -0.91,   58.24,   318773,   0.0848219
    "ubend_0.03_1.17_1.75_-10.4_0.21_16.33_210263.46_0.5",   0.03,   1.17,   1.75,   -10.4,   0.21,   16.33,   210263,   0.135879
    "ubend_0.03_1.17_1.83_6.78_-0.57_30.11_292308.51_0.5",   0.03,   1.17,   1.83,   6.78,   -0.57,   30.11,   292308,   0.0678364
    "ubend_0.03_1.17_2.42_14.75_0.95_28.14_447129.63_0.5",   0.03,   1.17,   2.42,   14.75,   0.95,   28.14,   447129,   0.162677
    "ubend_0.03_1.17_4.5_-14.13_0.17_50.11_170815.11_0.5",   0.03,   1.17,   4.5,   -14.13,   0.17,   50.11,   170815,   0.116408
    "ubend_0.03_1.18_2.77_-3.37_-0.14_57.22_242737.26_0.5",   0.03,   1.18,   2.77,   -3.37,   -0.14,   57.22,   242737,   0.0572733
    "ubend_0.03_1.18_3.07_10.61_0.25_38.87_292820.85_0.5",   0.03,   1.18,   3.07,   10.61,   0.25,   38.87,   292820,   0.102948
    "ubend_0.03_1.19_2.03_14.64_-0.76_35.53_488886.48_0.5",   0.03,   1.19,   2.03,   14.64,   -0.76,   35.53,   488886,   0.0705885
    "ubend_0.03_1.1_1.9_5.55_0.95_32.2_200373.9_0.5",   0.03,   1.1,   1.9,   5.55,   0.95,   32.2,   200373,   0.161293
    "ubend_0.03_1.1_3.8_11.23_-0.58_14.61_232336.56_0.5",   0.03,   1.1,   3.8,   11.23,   -0.58,   14.61,   232336,   0.236939
    "ubend_0.03_1.21_1.03_-5.97_-0.34_30.78_177731.48_0.5",   0.03,   1.21,   1.03,   -5.97,   -0.34,   30.78,   177731,   0.0466964
    "ubend_0.03_1.21_1.75_10.91_0.26_32.31_330403.54_0.5",   0.03,   1.21,   1.75,   10.91,   0.26,   32.31,   330403,   0.0807747
    "ubend_0.03_1.21_2.04_-13.83_0.55_15.97_272980.89_0.5",   0.03,   1.21,   2.04,   -13.83,   0.55,   15.97,   272980,   0.161147
    "ubend_0.03_1.21_3.64_-5.36_-0.96_41.76_447446.82_0.5",   0.03,   1.21,   3.64,   -5.36,   -0.96,   41.76,   447446,   0.149246
    "ubend_0.03_1.22_1.63_-7.39_-0.46_30.9_396346.3_0.5",   0.03,   1.22,   1.63,   -7.39,   -0.46,   30.9,   396346,   0.0550858
    "ubend_0.03_1.23_4.11_3.67_0.54_49.72_266701.01_0.5",   0.03,   1.23,   4.11,   3.67,   0.54,   49.72,   266701,   0.16257
    "ubend_0.03_1.24_3.23_12.05_-0.42_21.05_194959.97_0.5",   0.03,   1.24,   3.23,   12.05,   -0.42,   21.05,   194959,   0.159111
    "ubend_0.03_1.25_3.75_-13.68_0.09_40.99_483619.67_0.5",   0.03,   1.25,   3.75,   -13.68,   0.09,   40.99,   483619,   0.0908578
    "ubend_0.03_1.25_4.48_5.48_-0.6_53.41_117281.84_0.5",   0.03,   1.25,   4.48,   5.48,   -0.6,   53.41,   117281,   0.144845
    "ubend_0.03_1.26_3.52_4.31_0.93_49.38_129353.22_0.5",   0.03,   1.26,   3.52,   4.31,   0.93,   49.38,   129353,   0.242679
    "ubend_0.03_1.27_0.92_10.89_0.39_46.02_491368.26_0.5",   0.03,   1.27,   0.92,   10.89,   0.39,   46.02,   491368,   0.0818503
    "ubend_0.03_1.27_4.18_-2.54_-0.7_30.99_420256.81_0.5",   0.03,   1.27,   4.18,   -2.54,   -0.7,   30.99,   420256,   0.143872
    "ubend_0.03_1.28_1.48_7.93_0.92_34.99_140325.33_0.5",   0.03,   1.28,   1.48,   7.93,   0.92,   34.99,   140325,   0.15136
    "ubend_0.03_1.28_3.42_14.85_0.25_17.8_161178.64_0.5",   0.03,   1.28,   3.42,   14.85,   0.25,   17.8,   161178,   0.193505
    "ubend_0.03_1.29_0.91_-7.99_0.99_23.6_156730.25_0.5",   0.03,   1.29,   0.91,   -7.99,   0.99,   23.6,   156730,   0.126857
    "ubend_0.03_1.29_1.72_2.75_0.51_48.89_431201.53_0.5",   0.03,   1.29,   1.72,   2.75,   0.51,   48.89,   431201,   0.106325
    "ubend_0.03_1.32_4.45_4.96_0.52_54.52_304895.25_0.5",   0.03,   1.32,   4.45,   4.96,   0.52,   54.52,   304895,   0.166864
    "ubend_0.03_1.33_2.66_-5.47_-0.9_18.72_269146.31_0.5",   0.03,   1.33,   2.66,   -5.47,   -0.9,   18.72,   269146,   0.151132
    "ubend_0.03_1.34_2.53_4.46_-0.22_58.85_116591.2_0.5",   0.03,   1.34,   2.53,   4.46,   -0.22,   58.85,   116591,   0.0565588
    "ubend_0.03_1.34_2.68_0.3_0.27_42.59_297954.11_0.5",   0.03,   1.34,   2.68,   0.3,   0.27,   42.59,   297954,   0.0918611
    "ubend_0.03_1.35_4.15_-3.12_-0.86_27.17_212937.31_0.5",   0.03,   1.35,   4.15,   -3.12,   -0.86,   27.17,   212937,   0.177591
    "ubend_0.03_1.36_3.83_0.82_-0.78_49.86_160613.31_0.5",   0.03,   1.36,   3.83,   0.82,   -0.78,   49.86,   160613,   0.152655
    "ubend_0.03_1.37_1.87_-4.81_-0.72_34.02_297323.58_0.5",   0.03,   1.37,   1.87,   -4.81,   -0.72,   34.02,   297323,   0.0685961
    "ubend_0.03_1.37_3.59_10.19_-0.35_48.91_300730.24_0.5",   0.03,   1.37,   3.59,   10.19,   -0.35,   48.91,   300730,   0.0816605
    "ubend_0.03_1.38_2.95_-12.75_0.12_22.25_163513.61_0.5",   0.03,   1.38,   2.95,   -12.75,   0.12,   22.25,   163513,   0.144476
    "ubend_0.03_1.38_3.54_-14.65_-0.17_38.62_205508.39_0.5",   0.03,   1.38,   3.54,   -14.65,   -0.17,   38.62,   205508,   0.0911273
    "ubend_0.03_1.39_4.01_13.7_0.93_40.35_263328.0_0.5",   0.03,   1.39,   4.01,   13.7,   0.93,   40.35,   263328,   0.230201
    "ubend_0.03_1.3_1.26_11.26_0.76_20.24_494633.2_0.5",   0.03,   1.3,   1.26,   11.26,   0.76,   20.24,   494633,   0.112464
    "ubend_0.03_1.3_4.79_4.09_-0.85_15.58_141960.41_0.5",   0.03,   1.3,   4.79,   4.09,   -0.85,   15.58,   141960,   0.268578
    "ubend_0.03_1.41_1.69_8.8_-0.46_26.66_418977.57_0.5",   0.03,   1.41,   1.69,   8.8,   -0.46,   26.66,   418977,   0.0637824
    "ubend_0.03_1.41_4.41_5.76_-0.07_10.83_172283.61_0.5",   0.03,   1.41,   4.41,   5.76,   -0.07,   10.83,   172283,   0.35146
    "ubend_0.03_1.43_1.04_-6.13_0.91_11.55_364359.89_0.5",   0.03,   1.43,   1.04,   -6.13,   0.91,   11.55,   364359,   0.130446
    "ubend_0.03_1.43_1.57_0.31_0.59_27.42_172962.45_0.5",   0.03,   1.43,   1.57,   0.31,   0.59,   27.42,   172962,   0.118895
    "ubend_0.03_1.43_2.48_11.27_0.85_26.4_420624.25_0.5",   0.03,   1.43,   2.48,   11.27,   0.85,   26.4,   420624,   0.160232
    "ubend_0.03_1.43_4.22_-0.55_-0.97_13.07_422678.77_0.5",   0.03,   1.43,   4.22,   -0.55,   -0.97,   13.07,   422678,   0.246458
    "ubend_0.03_1.44_1.77_-1.17_0.51_44.44_166376.99_0.5",   0.03,   1.44,   1.77,   -1.17,   0.51,   44.44,   166376,   0.115652
    "ubend_0.03_1.45_3.56_11.31_0.31_55.63_497665.3_0.5",   0.03,   1.45,   3.56,   11.31,   0.31,   55.63,   497665,   0.10386
    "ubend_0.03_1.46_2.06_8.79_-0.52_29.73_164110.55_0.5",   0.03,   1.46,   2.06,   8.79,   -0.52,   29.73,   164110,   0.0841808
    "ubend_0.03_1.46_3.47_-5.08_-0.59_42.73_428310.96_0.5",   0.03,   1.46,   3.47,   -5.08,   -0.59,   42.73,   428310,   0.104808
    "ubend_0.03_1.47_3.03_-10.83_0.9_41.66_402034.97_0.5",   0.03,   1.47,   3.03,   -10.83,   0.9,   41.66,   402034,   0.215111
    "ubend_0.03_1.48_4.03_13.58_0.89_39.99_159552.59_0.5",   0.03,   1.48,   4.03,   13.58,   0.89,   39.99,   159552,   0.228349
    "ubend_0.03_1.48_4.83_9.11_0.36_44.81_386830.37_0.5",   0.03,   1.48,   4.83,   9.11,   0.36,   44.81,   386830,   0.133185
    "ubend_0.03_1.48_4.95_0.41_0.52_25.86_238440.07_0.5",   0.03,   1.48,   4.95,   0.41,   0.52,   25.86,   238440,   0.189683
    "ubend_0.03_1.49_4.73_-6.3_0.28_51.24_499570.16_0.5",   0.03,   1.49,   4.73,   -6.3,   0.28,   51.24,   499570,   0.112276
    "ubend_0.03_1.4_1.7_9.67_0.18_15.54_192258.15_0.5",   0.03,   1.4,   1.7,   9.67,   0.18,   15.54,   192258,   0.146569
    "ubend_0.03_1.4_2.82_-13.51_-0.14_57.57_312394.05_0.5",   0.03,   1.4,   2.82,   -13.51,   -0.14,   57.57,   312394,   0.0512195
    "ubend_0.03_1.4_3.01_11.63_0.46_39.85_421874.04_0.5",   0.03,   1.4,   3.01,   11.63,   0.46,   39.85,   421874,   0.123492
    "ubend_0.03_1.5_1.27_3.56_0.19_35.8_425233.51_0.5",   0.03,   1.5,   1.27,   3.56,   0.19,   35.8,   425233,   0.0607789
    "ubend_0.03_1.5_2.14_11.82_0.33_22.62_202634.57_0.5",   0.03,   1.5,   2.14,   11.82,   0.33,   22.62,   202634,   0.12521
    "ubend_0.04_1.02_4.19_-12.53_-0.43_24.09_427941.41_0.5",   0.04,   1.02,   4.19,   -12.53,   -0.43,   24.09,   427941,   0.157801
    "ubend_0.04_1.02_4.92_3.21_0.91_48.17_475803.38_0.5",   0.04,   1.02,   4.92,   3.21,   0.91,   48.17,   475803,   0.252113
    "ubend_0.04_1.03_4.35_3.92_0.6_16.54_140884.3_0.5",   0.04,   1.03,   4.35,   3.92,   0.6,   16.54,   140884,   0.265721
    "ubend_0.04_1.03_4.65_-9.26_0.82_31.63_246492.95_0.5",   0.04,   1.03,   4.65,   -9.26,   0.82,   31.63,   246492,   0.211165
    "ubend_0.04_1.04_1.11_10.77_-0.26_33.33_324951.55_0.5",   0.04,   1.04,   1.11,   10.77,   -0.26,   33.33,   324951,   0.046729
    "ubend_0.04_1.05_2.74_9.41_0.17_41.05_263847.57_0.5",   0.04,   1.05,   2.74,   9.41,   0.17,   41.05,   263847,   0.0925877
    "ubend_0.04_1.06_4.61_-1.41_-0.13_50.58_412809.03_0.5",   0.04,   1.06,   4.61,   -1.41,   -0.13,   50.58,   412809,   0.0892663
    "ubend_0.04_1.07_4.52_-6.26_0.87_16.7_336059.74_0.5",   0.04,   1.07,   4.52,   -6.26,   0.87,   16.7,   336059,   0.239159
    "ubend_0.04_1.08_1.34_4.7_0.04_30.59_251494.38_0.5",   0.04,   1.08,   1.34,   4.7,   0.04,   30.59,   251494,   0.0655756
    "ubend_0.04_1.08_2.22_0.08_-0.4_48.53_398931.47_0.5",   0.04,   1.08,   2.22,   0.08,   -0.4,   48.53,   398931,   0.0534388
    "ubend_0.04_1.08_4.94_7.25_0.41_38.53_245742.77_0.5",   0.04,   1.08,   4.94,   7.25,   0.41,   38.53,   245742,   0.161192
    "ubend_0.04_1.09_2.76_5.8_-0.23_19.17_103134.34_0.5",   0.04,   1.09,   2.76,   5.8,   -0.23,   19.17,   103134,   0.171688
    "ubend_0.04_1.09_4.29_5.34_0.78_53.17_413395.58_0.5",   0.04,   1.09,   4.29,   5.34,   0.78,   53.17,   413395,   0.227095
    "ubend_0.04_1.11_4.0_-9.68_-0.34_12.86_109760.37_0.5",   0.04,   1.11,   4,   -9.68,   -0.34,   12.86,   109760,   0.311938
    "ubend_0.04_1.12_1.35_-5.94_0.4_31.21_128421.72_0.5",   0.04,   1.12,   1.35,   -5.94,   0.4,   31.21,   128421,   0.0980403
    "ubend_0.04_1.12_3.69_-14.0_-0.26_57.5_451126.23_0.5",   0.04,   1.12,   3.69,   -14,   -0.26,   57.5,   451126,   0.0714685
    "ubend_0.04_1.12_4.91_0.68_0.42_42.08_271131.25_0.5",   0.04,   1.12,   4.91,   0.68,   0.42,   42.08,   271131,   0.156347
    "ubend_0.04_1.13_3.47_0.99_0.52_33.66_442508.07_0.5",   0.04,   1.13,   3.47,   0.99,   0.52,   33.66,   442508,   0.143907
    "ubend_0.04_1.14_1.49_4.76_-0.92_52.83_179341.33_0.5",   0.04,   1.14,   1.49,   4.76,   -0.92,   52.83,   179341,   0.0582084
    "ubend_0.04_1.14_1.66_11.32_0.55_39.71_269114.01_0.5",   0.04,   1.14,   1.66,   11.32,   0.55,   39.71,   269114,   0.112112
    "ubend_0.04_1.14_3.01_-13.79_-0.42_36.8_150378.71_0.5",   0.04,   1.14,   3.01,   -13.79,   -0.42,   36.8,   150378,   0.101151
    "ubend_0.04_1.14_3.21_-12.11_0.64_51.65_109259.01_0.5",   0.04,   1.14,   3.21,   -12.11,   0.64,   51.65,   109259,   0.188126
    "ubend_0.04_1.16_3.45_12.3_0.49_22.78_105897.84_0.5",   0.04,   1.16,   3.45,   12.3,   0.49,   22.78,   105897,   0.198644
    "ubend_0.04_1.17_3.26_-13.24_-0.36_36.59_132335.41_0.5",   0.04,   1.17,   3.26,   -13.24,   -0.36,   36.59,   132335,   0.108385
    "ubend_0.04_1.18_1.59_1.37_0.06_24.19_354127.46_0.5",   0.04,   1.18,   1.59,   1.37,   0.06,   24.19,   354127,   0.0818281
    "ubend_0.04_1.19_2.83_-9.51_-0.64_36.34_233310.73_0.5",   0.04,   1.19,   2.83,   -9.51,   -0.64,   36.34,   233310,   0.102159
    "ubend_0.04_1.19_2.97_-7.86_-0.8_54.06_416352.67_0.5",   0.04,   1.19,   2.97,   -7.86,   -0.8,   54.06,   416352,   0.112714
    "ubend_0.04_1.19_4.44_-14.29_0.88_50.5_320027.31_0.5",   0.04,   1.19,   4.44,   -14.29,   0.88,   50.5,   320027,   0.257802
    "ubend_0.04_1.19_4.73_-11.22_-0.2_31.42_173640.01_0.5",   0.04,   1.19,   4.73,   -11.22,   -0.2,   31.42,   173640,   0.149695
    "ubend_0.04_1.1_4.24_8.62_0.42_46.62_230449.62_0.5",   0.04,   1.1,   4.24,   8.62,   0.42,   46.62,   230449,   0.149325
    "ubend_0.04_1.21_4.25_1.58_-0.46_57.93_213360.35_0.5",   0.04,   1.21,   4.25,   1.58,   -0.46,   57.93,   213360,   0.113394
    "ubend_0.04_1.21_4.4_7.71_-0.91_32.62_358921.92_0.5",   0.04,   1.21,   4.4,   7.71,   -0.91,   32.62,   358921,   0.182001
    "ubend_0.04_1.22_3.92_12.58_0.3_35.28_209637.14_0.5",   0.04,   1.22,   3.92,   12.58,   0.3,   35.28,   209637,   0.13561
    "ubend_0.04_1.22_4.27_-10.6_-0.17_34.35_223745.21_0.5",   0.04,   1.22,   4.27,   -10.6,   -0.17,   34.35,   223745,   0.120257
    "ubend_0.04_1.23_3.46_3.41_0.11_58.53_227794.31_0.5",   0.04,   1.23,   3.46,   3.41,   0.11,   58.53,   227794,   0.0787281
    "ubend_0.04_1.23_4.97_-1.5_-0.08_13.38_221333.03_0.5",   0.04,   1.23,   4.97,   -1.5,   -0.08,   13.38,   221333,   0.31345
    "ubend_0.04_1.24_3.6_-1.31_0.58_32.44_278140.97_0.5",   0.04,   1.24,   3.6,   -1.31,   0.58,   32.44,   278140,   0.162175
    "ubend_0.04_1.25_0.99_8.62_0.23_49.75_101185.16_0.5",   0.04,   1.25,   0.99,   8.62,   0.23,   49.75,   101185,   0.0771862
    "ubend_0.04_1.25_1.84_-2.27_-0.54_54.12_342185.91_0.5",   0.04,   1.25,   1.84,   -2.27,   -0.54,   54.12,   342185,   0.0469909
    "ubend_0.04_1.25_2.78_-13.57_-0.06_12.07_355651.12_0.5",   0.04,   1.25,   2.78,   -13.57,   -0.06,   12.07,   355651,   0.191773
    "ubend_0.04_1.26_1.92_-13.27_0.59_38.26_270515.29_0.5",   0.04,   1.26,   1.92,   -13.27,   0.59,   38.26,   270515,   0.129324
    "ubend_0.04_1.26_1.98_12.88_-0.61_39.71_106201.18_0.5",   0.04,   1.26,   1.98,   12.88,   -0.61,   39.71,   106201,   0.0765943
    "ubend_0.04_1.26_2.58_12.96_-0.6_33.75_386002.91_0.5",   0.04,   1.26,   2.58,   12.96,   -0.6,   33.75,   386002,   0.0902942
    "ubend_0.04_1.26_2.72_13.79_0.18_30.78_267263.37_0.5",   0.04,   1.26,   2.72,   13.79,   0.18,   30.78,   267263,   0.105623
    "ubend_0.04_1.27_4.63_3.99_0.96_58.76_236908.78_0.5",   0.04,   1.27,   4.63,   3.99,   0.96,   58.76,   236908,   0.303391
    "ubend_0.04_1.28_2.38_-11.98_-0.84_21.52_215688.53_0.5",   0.04,   1.28,   2.38,   -11.98,   -0.84,   21.52,   215688,   0.134271
    "ubend_0.04_1.28_3.38_11.87_0.29_49.1_153411.1_0.5",   0.04,   1.28,   3.38,   11.87,   0.29,   49.1,   153411,   0.116144
    "ubend_0.04_1.2_2.18_6.63_-0.48_23.02_176687.78_0.5",   0.04,   1.2,   2.18,   6.63,   -0.48,   23.02,   176687,   0.109573
    "ubend_0.04_1.2_4.64_10.9_0.29_15.28_182693.6_0.5",   0.04,   1.2,   4.64,   10.9,   0.29,   15.28,   182693,   0.290185
    "ubend_0.04_1.31_2.01_1.7_0.33_36.51_229274.14_0.5",   0.04,   1.31,   2.01,   1.7,   0.33,   36.51,   229274,   0.0964762
    "ubend_0.04_1.31_2.93_3.64_0.51_49.16_143616.39_0.5",   0.04,   1.31,   2.93,   3.64,   0.51,   49.16,   143616,   0.150499
    "ubend_0.04_1.31_4.17_10.14_0.37_33.48_253734.53_0.5",   0.04,   1.31,   4.17,   10.14,   0.37,   33.48,   253734,   0.146779
    "ubend_0.04_1.33_2.54_13.75_0.87_29.62_401765.08_0.5",   0.04,   1.33,   2.54,   13.75,   0.87,   29.62,   401765,   0.173547
    "ubend_0.04_1.33_4.06_13.16_0.59_13.8_248769.56_0.5",   0.04,   1.33,   4.06,   13.16,   0.59,   13.8,   248769,   0.292793
    "ubend_0.04_1.34_2.94_-2.18_0.8_12.41_487756.36_0.5",   0.04,   1.34,   2.94,   -2.18,   0.8,   12.41,   487756,   0.233247
    "ubend_0.04_1.34_3.97_-13.73_-0.35_12.98_193287.28_0.5",   0.04,   1.34,   3.97,   -13.73,   -0.35,   12.98,   193287,   0.377714
    "ubend_0.04_1.35_2.96_13.53_0.06_33.06_282653.31_0.5",   0.04,   1.35,   2.96,   13.53,   0.06,   33.06,   282653,   0.0948432
    "ubend_0.04_1.35_4.54_3.63_0.87_38.89_464559.15_0.5",   0.04,   1.35,   4.54,   3.63,   0.87,   38.89,   464559,   0.224945
    "ubend_0.04_1.36_4.31_-7.33_-0.93_59.57_323826.85_0.5",   0.04,   1.36,   4.31,   -7.33,   -0.93,   59.57,   323826,   0.222851
    "ubend_0.04_1.37_2.41_-12.88_0.64_55.74_265384.17_0.5",   0.04,   1.37,   2.41,   -12.88,   0.64,   55.74,   265384,   0.173953
    "ubend_0.04_1.39_2.23_-6.93_-0.87_46.87_272411.08_0.5",   0.04,   1.39,   2.23,   -6.93,   -0.87,   46.87,   272411,   0.0960486
    "ubend_0.04_1.3_1.36_-2.74_0.18_32.9_296152.84_0.5",   0.04,   1.3,   1.36,   -2.74,   0.18,   32.9,   296152,   0.0689227
    "ubend_0.04_1.3_2.83_3.71_0.75_54.24_401106.33_0.5",   0.04,   1.3,   2.83,   3.71,   0.75,   54.24,   401106,   0.201571
    "ubend_0.04_1.41_1.05_8.03_0.72_35.68_257704.49_0.5",   0.04,   1.41,   1.05,   8.03,   0.72,   35.68,   257704,   0.12139
    "ubend_0.04_1.42_1.95_14.24_0.67_29.48_384979.74_0.5",   0.04,   1.42,   1.95,   14.24,   0.67,   29.48,   384979,   0.138477
    "ubend_0.04_1.43_1.29_11.15_0.82_39.41_189793.14_0.5",   0.04,   1.43,   1.29,   11.15,   0.82,   39.41,   189793,   0.142219
    "ubend_0.04_1.43_3.0_-10.45_-0.92_35.99_389762.61_0.5",   0.04,   1.43,   3,   -10.45,   -0.92,   35.99,   389762,   0.138953
    "ubend_0.04_1.44_1.85_12.49_0.41_16.4_403150.17_0.5",   0.04,   1.44,   1.85,   12.49,   0.41,   16.4,   403150,   0.154015
    "ubend_0.04_1.44_3.67_0.47_0.85_55.41_381591.51_0.5",   0.04,   1.44,   3.67,   0.47,   0.85,   55.41,   381591,   0.261136
    "ubend_0.04_1.46_4.23_8.86_-0.68_29.87_353317.36_0.5",   0.04,   1.46,   4.23,   8.86,   -0.68,   29.87,   353317,   0.167046
    "ubend_0.04_1.47_1.59_3.84_0.69_11.42_283960.24_0.5",   0.04,   1.47,   1.59,   3.84,   0.69,   11.42,   283960,   0.174828
    "ubend_0.04_1.47_2.7_-1.63_0.18_46.14_496877.73_0.5",   0.04,   1.47,   2.7,   -1.63,   0.18,   46.14,   496877,   0.0768681
    "ubend_0.04_1.49_0.94_-9.84_0.09_14.91_225416.32_0.5",   0.04,   1.49,   0.94,   -9.84,   0.09,   14.91,   225416,   0.106184
    "ubend_0.04_1.49_1.28_1.19_0.34_25.31_498336.99_0.5",   0.04,   1.49,   1.28,   1.19,   0.34,   25.31,   498336,   0.0917441
    "ubend_0.04_1.49_1.41_5.78_0.06_21.36_358355.38_0.5",   0.04,   1.49,   1.41,   5.78,   0.06,   21.36,   358355,   0.0918703
    "ubend_0.04_1.4_2.78_-4.35_-0.82_27.09_495531.51_0.5",   0.04,   1.4,   2.78,   -4.35,   -0.82,   27.09,   495531,   0.12425
    "ubend_0.05_1.01_1.63_13.23_0.27_41.22_440129.31_0.5",   0.05,   1.01,   1.63,   13.23,   0.27,   41.22,   440129,   0.0788051
    "ubend_0.05_1.01_3.04_12.12_-0.86_37.97_471205.97_0.5",   0.05,   1.01,   3.04,   12.12,   -0.86,   37.97,   471205,   0.126701
    "ubend_0.05_1.01_3.13_-10.32_0.86_52.17_195598.54_0.5",   0.05,   1.01,   3.13,   -10.32,   0.86,   52.17,   195598,   0.23409
    "ubend_0.05_1.01_4.47_-5.78_-0.64_41.83_444526.88_0.5",   0.05,   1.01,   4.47,   -5.78,   -0.64,   41.83,   444526,   0.151927
    "ubend_0.05_1.02_1.08_13.67_-0.89_36.98_369726.44_0.5",   0.05,   1.02,   1.08,   13.67,   -0.89,   36.98,   369726,   0.041737
    "ubend_0.05_1.02_2.16_2.14_-0.49_37.22_473027.97_0.5",   0.05,   1.02,   2.16,   2.14,   -0.49,   37.22,   473027,   0.0647754
    "ubend_0.05_1.03_3.23_-3.82_-0.57_19.3_243454.74_0.5",   0.05,   1.03,   3.23,   -3.82,   -0.57,   19.3,   243454,   0.187969
    "ubend_0.05_1.03_4.96_6.83_0.08_11.97_321344.94_0.5",   0.05,   1.03,   4.96,   6.83,   0.08,   11.97,   321344,   0.352733
    "ubend_0.05_1.04_2.2_0.57_-0.68_56.58_259122.83_0.5",   0.05,   1.04,   2.2,   0.57,   -0.68,   56.58,   259122,   0.0707311
    "ubend_0.05_1.04_3.37_12.76_0.39_50.41_352095.26_0.5",   0.05,   1.04,   3.37,   12.76,   0.39,   50.41,   352095,   0.130552
    "ubend_0.05_1.05_1.85_-1.87_-0.11_50.99_415915.81_0.5",   0.05,   1.05,   1.85,   -1.87,   -0.11,   50.99,   415915,   0.048034
    "ubend_0.05_1.05_2.22_-8.96_-0.5_45.32_295923.65_0.5",   0.05,   1.05,   2.22,   -8.96,   -0.5,   45.32,   295923,   0.0638651
    "ubend_0.05_1.05_2.28_2.85_0.57_26.94_242539.27_0.5",   0.05,   1.05,   2.28,   2.85,   0.57,   26.94,   242539,   0.147042
    "ubend_0.05_1.05_4.47_-12.0_-0.65_56.59_171574.45_0.5",   0.05,   1.05,   4.47,   -12,   -0.65,   56.59,   171574,   0.172546
    "ubend_0.05_1.07_2.79_-10.98_-0.67_30.59_235895.91_0.5",   0.05,   1.07,   2.79,   -10.98,   -0.67,   30.59,   235895,   0.11788
    "ubend_0.05_1.07_4.45_-14.77_0.4_31.95_224284.47_0.5",   0.05,   1.07,   4.45,   -14.77,   0.4,   31.95,   224284,   0.169444
    "ubend_0.05_1.08_3.38_1.88_0.59_14.19_289135.53_0.5",   0.05,   1.08,   3.38,   1.88,   0.59,   14.19,   289135,   0.25427
    "ubend_0.05_1.08_4.19_-10.68_-0.02_50.71_456062.79_0.5",   0.05,   1.08,   4.19,   -10.68,   -0.02,   50.71,   456062,   0.0833504
    "ubend_0.05_1.09_1.18_-14.44_-0.82_42.23_364780.61_0.5",   0.05,   1.09,   1.18,   -14.44,   -0.82,   42.23,   364780,   0.0401592
    "ubend_0.05_1.09_2.57_6.65_0.17_41.46_221733.65_0.5",   0.05,   1.09,   2.57,   6.65,   0.17,   41.46,   221733,   0.0907178
    "ubend_0.05_1.12_2.35_-14.38_0.04_54.41_263169.55_0.5",   0.05,   1.12,   2.35,   -14.38,   0.04,   54.41,   263169,   0.0635882
    "ubend_0.05_1.12_2.54_-9.06_-0.73_48.04_211714.32_0.5",   0.05,   1.12,   2.54,   -9.06,   -0.73,   48.04,   211714,   0.0970086
    "ubend_0.05_1.12_4.12_8.18_-0.99_16.58_482244.67_0.5",   0.05,   1.12,   4.12,   8.18,   -0.99,   16.58,   482244,   0.220354
    "ubend_0.05_1.13_2.31_13.88_0.47_53.85_350953.49_0.5",   0.05,   1.13,   2.31,   13.88,   0.47,   53.85,   350953,   0.125106
    "ubend_0.05_1.14_0.98_12.45_-0.52_50.88_391465.17_0.5",   0.05,   1.14,   0.98,   12.45,   -0.52,   50.88,   391465,   0.0311258
    "ubend_0.05_1.15_1.72_-10.49_-0.6_13.14_168066.61_0.5",   0.05,   1.15,   1.72,   -10.49,   -0.6,   13.14,   168066,   0.190654
    "ubend_0.05_1.15_3.4_-3.71_0.68_14.77_199198.66_0.5",   0.05,   1.15,   3.4,   -3.71,   0.68,   14.77,   199198,   0.262575
    "ubend_0.05_1.16_2.3_-13.34_-0.94_26.35_187298.99_0.5",   0.05,   1.16,   2.3,   -13.34,   -0.94,   26.35,   187298,   0.125877
    "ubend_0.05_1.16_3.99_-1.91_0.97_30.33_458242.65_0.5",   0.05,   1.16,   3.99,   -1.91,   0.97,   30.33,   458242,   0.213189
    "ubend_0.05_1.16_4.9_4.13_-0.81_51.48_461362.14_0.5",   0.05,   1.16,   4.9,   4.13,   -0.81,   51.48,   461362,   0.213132
    "ubend_0.05_1.17_4.47_11.09_-0.27_42.35_491705.2_0.5",   0.05,   1.17,   4.47,   11.09,   -0.27,   42.35,   491705,   0.104011
    "ubend_0.05_1.18_1.61_-7.06_0.76_13.52_111666.47_0.5",   0.05,   1.18,   1.61,   -7.06,   0.76,   13.52,   111666,   0.189519
    "ubend_0.05_1.19_1.04_13.05_0.56_16.53_482030.71_0.5",   0.05,   1.19,   1.04,   13.05,   0.56,   16.53,   482030,   0.117015
    "ubend_0.05_1.1_3.63_3.5_-0.31_53.74_429031.76_0.5",   0.05,   1.1,   3.63,   3.5,   -0.31,   53.74,   429031,   0.0784967
    "ubend_0.05_1.1_3.72_14.08_0.04_52.85_448067.0_0.5",   0.05,   1.1,   3.72,   14.08,   0.04,   52.85,   448067,   0.0787497
    "ubend_0.05_1.1_3.91_4.18_-0.27_18.65_187532.14_0.5",   0.05,   1.1,   3.91,   4.18,   -0.27,   18.65,   187532,   0.227665
    "ubend_0.05_1.21_2.67_-6.52_-0.39_33.16_395746.57_0.5",   0.05,   1.21,   2.67,   -6.52,   -0.39,   33.16,   395746,   0.0850731
    "ubend_0.05_1.21_3.27_-8.73_-0.94_52.31_236616.58_0.5",   0.05,   1.21,   3.27,   -8.73,   -0.94,   52.31,   236616,   0.173474
    "ubend_0.05_1.23_2.19_12.61_-0.79_12.47_361757.55_0.5",   0.05,   1.23,   2.19,   12.61,   -0.79,   12.47,   361757,   0.201549
    "ubend_0.05_1.23_3.62_11.39_-0.69_48.61_340354.06_0.5",   0.05,   1.23,   3.62,   11.39,   -0.69,   48.61,   340354,   0.142481
    "ubend_0.05_1.25_3.87_5.64_-0.86_20.31_402790.32_0.5",   0.05,   1.25,   3.87,   5.64,   -0.86,   20.31,   402790,   0.202085
    "ubend_0.05_1.26_1.59_-11.69_-0.58_21.77_281388.2_0.5",   0.05,   1.26,   1.59,   -11.69,   -0.58,   21.77,   281388,   0.0841728
    "ubend_0.05_1.26_4.17_2.92_0.24_32.05_286889.35_0.5",   0.05,   1.26,   4.17,   2.92,   0.24,   32.05,   286889,   0.137716
    "ubend_0.05_1.27_1.33_14.75_-0.56_52.69_123683.47_0.5",   0.05,   1.27,   1.33,   14.75,   -0.56,   52.69,   123683,   0.0455955
    "ubend_0.05_1.27_1.78_5.12_-0.28_21.13_449539.12_0.5",   0.05,   1.27,   1.78,   5.12,   -0.28,   21.13,   449539,   0.0871467
    "ubend_0.05_1.2_1.79_14.94_-0.66_45.46_260586.63_0.5",   0.05,   1.2,   1.79,   14.94,   -0.66,   45.46,   260586,   0.0613787
    "ubend_0.05_1.2_4.44_-2.96_-0.73_21.27_197583.0_0.5",   0.05,   1.2,   4.44,   -2.96,   -0.73,   21.27,   197583,   0.225561
    "ubend_0.05_1.31_2.75_12.5_-0.25_18.34_259354.65_0.5",   0.05,   1.31,   2.75,   12.5,   -0.25,   18.34,   259354,   0.169035
    "ubend_0.05_1.31_4.56_12.52_1.0_47.47_444912.9_0.5",   0.05,   1.31,   4.56,   12.52,   1,   47.47,   444912,   0.296862
    "ubend_0.05_1.32_1.58_2.47_0.99_16.92_316648.42_0.5",   0.05,   1.32,   1.58,   2.47,   0.99,   16.92,   316648,   0.160011
    "ubend_0.05_1.32_2.32_0.94_-0.16_31.08_370454.08_0.5",   0.05,   1.32,   2.32,   0.94,   -0.16,   31.08,   370454,   0.0755064
    "ubend_0.05_1.33_1.66_2.38_0.27_12.29_462307.66_0.5",   0.05,   1.33,   1.66,   2.38,   0.27,   12.29,   462307,   0.16663
    "ubend_0.05_1.37_1.89_0.16_0.48_49.57_277538.24_0.5",   0.05,   1.37,   1.89,   0.16,   0.48,   49.57,   277538,   0.120933
    "ubend_0.05_1.37_4.56_4.2_0.97_29.77_416783.35_0.5",   0.05,   1.37,   4.56,   4.2,   0.97,   29.77,   416783,   0.227606
    "ubend_0.05_1.39_4.14_-1.69_0.7_12.15_443191.17_0.5",   0.05,   1.39,   4.14,   -1.69,   0.7,   12.15,   443191,   0.324239
    "ubend_0.05_1.3_4.72_9.09_-0.64_19.85_415256.58_0.5",   0.05,   1.3,   4.72,   9.09,   -0.64,   19.85,   415256,   0.227025
    "ubend_0.05_1.44_3.12_-5.55_-0.13_53.0_368429.68_0.5",   0.05,   1.44,   3.12,   -5.55,   -0.13,   53,   368429,   0.0586425
    "ubend_0.05_1.47_3.1_-1.06_-0.81_40.73_408070.75_0.5",   0.05,   1.47,   3.1,   -1.06,   -0.81,   40.73,   408070,   0.144066
    "ubend_0.05_1.48_1.52_1.32_-0.11_17.03_435130.77_0.5",   0.05,   1.48,   1.52,   1.32,   -0.11,   17.03,   435130,   0.130649
    "ubend_0.05_1.48_2.42_1.46_-0.2_24.88_182402.12_0.5",   0.05,   1.48,   2.42,   1.46,   -0.2,   24.88,   182402,   0.119999
    "ubend_0.05_1.4_2.14_-5.34_0.14_50.02_377242.9_0.5",   0.05,   1.4,   2.14,   -5.34,   0.14,   50.02,   377242,   0.0664137
    "ubend_0.05_1.4_3.95_9.27_0.87_32.68_481674.49_0.5",   0.05,   1.4,   3.95,   9.27,   0.87,   32.68,   481674,   0.214645
    "ubend_0.05_1.4_4.12_-8.48_-0.81_10.64_307619.82_0.5",   0.05,   1.4,   4.12,   -8.48,   -0.81,   10.64,   307619,   0.34167
    "ubend_0.05_1.5_3.54_-7.65_-0.25_40.84_133060.7_0.5",   0.05,   1.5,   3.54,   -7.65,   -0.25,   40.84,   133060,   0.109643
    "ubend_0.06_1.01_1.5_2.83_0.02_15.68_260984.29_0.5",   0.06,   1.01,   1.5,   2.83,   0.02,   15.68,   260984,   0.15164
    "ubend_0.06_1.02_2.34_-11.75_-0.79_52.06_427144.71_0.5",   0.06,   1.02,   2.34,   -11.75,   -0.79,   52.06,   427144,   0.0898035
    "ubend_0.06_1.03_2.5_13.39_-0.55_46.46_123054.49_0.5",   0.06,   1.03,   2.5,   13.39,   -0.55,   46.46,   123054,   0.0925666
    "ubend_0.06_1.04_0.96_12.08_0.7_13.18_405573.58_0.5",   0.06,   1.04,   0.96,   12.08,   0.7,   13.18,   405573,   0.115116
    "ubend_0.06_1.04_4.93_12.31_0.16_45.37_167336.9_0.5",   0.06,   1.04,   4.93,   12.31,   0.16,   45.37,   167336,   0.134726
    "ubend_0.06_1.05_4.78_6.68_-0.19_51.97_191711.1_0.5",   0.06,   1.05,   4.78,   6.68,   -0.19,   51.97,   191711,   0.11264
    "ubend_0.06_1.06_3.94_2.04_-0.37_59.3_168752.32_0.5",   0.06,   1.06,   3.94,   2.04,   -0.37,   59.3,   168752,   0.110217
    "ubend_0.06_1.06_4.31_9.99_-0.88_48.26_270913.16_0.5",   0.06,   1.06,   4.31,   9.99,   -0.88,   48.26,   270913,   0.222953
    "ubend_0.06_1.07_1.22_4.26_0.05_30.03_134426.4_0.5",   0.06,   1.07,   1.22,   4.26,   0.05,   30.03,   134426,   0.0789069
    "ubend_0.06_1.07_2.74_5.85_-0.35_52.62_190782.14_0.5",   0.06,   1.07,   2.74,   5.85,   -0.35,   52.62,   190782,   0.0746727
    "ubend_0.06_1.08_3.9_-2.86_-0.39_45.23_151902.68_0.5",   0.06,   1.08,   3.9,   -2.86,   -0.39,   45.23,   151902,   0.124919
    "ubend_0.06_1.09_3.76_2.78_-0.69_22.53_468014.36_0.5",   0.06,   1.09,   3.76,   2.78,   -0.69,   22.53,   468014,   0.190896
    "ubend_0.06_1.09_4.73_-6.43_-0.06_47.76_320985.85_0.5",   0.06,   1.09,   4.73,   -6.43,   -0.06,   47.76,   320985,   0.0973909
    "ubend_0.06_1.09_4.78_3.72_0.02_33.99_405151.94_0.5",   0.06,   1.09,   4.78,   3.72,   0.02,   33.99,   405151,   0.125213
    "ubend_0.06_1.0_3.73_5.51_-0.04_19.96_362148.13_0.5",   0.06,   1,   3.73,   5.51,   -0.04,   19.96,   362148,   0.190658
    "ubend_0.06_1.11_2.0_14.47_0.7_25.67_410196.76_0.5",   0.06,   1.11,   2,   14.47,   0.7,   25.67,   410196,   0.153869
    "ubend_0.06_1.11_2.45_-0.77_0.01_49.05_233871.99_0.5",   0.06,   1.11,   2.45,   -0.77,   0.01,   49.05,   233871,   0.066338
    "ubend_0.06_1.12_4.85_3.06_0.34_49.29_212635.73_0.5",   0.06,   1.12,   4.85,   3.06,   0.34,   49.29,   212635,   0.152569
    "ubend_0.06_1.14_2.0_5.88_0.19_35.58_286426.48_0.5",   0.06,   1.14,   2,   5.88,   0.19,   35.58,   286426,   0.0880005
    "ubend_0.06_1.14_2.46_-3.41_-0.84_17.31_200247.55_0.5",   0.06,   1.14,   2.46,   -3.41,   -0.84,   17.31,   200247,   0.184471
    "ubend_0.06_1.14_4.72_14.58_0.4_57.45_146701.45_0.5",   0.06,   1.14,   4.72,   14.58,   0.4,   57.45,   146701,   0.175463
    "ubend_0.06_1.15_3.34_12.71_0.26_31.85_261564.89_0.5",   0.06,   1.15,   3.34,   12.71,   0.26,   31.85,   261564,   0.134799
    "ubend_0.06_1.15_4.76_0.89_0.1_23.16_371710.81_0.5",   0.06,   1.15,   4.76,   0.89,   0.1,   23.16,   371710,   0.187538
    "ubend_0.06_1.16_1.26_-2.58_0.64_24.38_126532.66_0.5",   0.06,   1.16,   1.26,   -2.58,   0.64,   24.38,   126532,   0.139087
    "ubend_0.06_1.16_4.7_6.88_-0.5_11.3_133472.41_0.5",   0.06,   1.16,   4.7,   6.88,   -0.5,   11.3,   133472,   0.382211
    "ubend_0.06_1.18_1.9_8.71_0.8_18.24_308809.03_0.5",   0.06,   1.18,   1.9,   8.71,   0.8,   18.24,   308809,   0.172882
    "ubend_0.06_1.18_2.49_5.12_0.88_41.09_207413.84_0.5",   0.06,   1.18,   2.49,   5.12,   0.88,   41.09,   207413,   0.215876
    "ubend_0.06_1.18_3.43_-2.37_-0.93_26.15_121460.64_0.5",   0.06,   1.18,   3.43,   -2.37,   -0.93,   26.15,   121460,   0.205445
    "ubend_0.06_1.18_4.31_14.74_0.43_23.14_161565.49_0.5",   0.06,   1.18,   4.31,   14.74,   0.43,   23.14,   161565,   0.224834
    "ubend_0.06_1.19_2.5_-11.93_-0.11_44.14_287437.27_0.5",   0.06,   1.19,   2.5,   -11.93,   -0.11,   44.14,   287437,   0.0639488
    "ubend_0.06_1.1_1.99_4.64_-0.32_57.74_473782.71_0.5",   0.06,   1.1,   1.99,   4.64,   -0.32,   57.74,   473782,   0.0428769
    "ubend_0.06_1.1_2.37_-11.13_-0.81_42.45_440844.78_0.5",   0.06,   1.1,   2.37,   -11.13,   -0.81,   42.45,   440844,   0.0972047
    "ubend_0.06_1.1_4.99_13.7_0.37_28.24_346545.75_0.5",   0.06,   1.1,   4.99,   13.7,   0.37,   28.24,   346545,   0.184411
    "ubend_0.06_1.22_1.24_1.85_0.76_20.95_348137.51_0.5",   0.06,   1.22,   1.24,   1.85,   0.76,   20.95,   348137,   0.134257
    "ubend_0.06_1.24_2.28_-3.67_-0.03_50.21_478192.55_0.5",   0.06,   1.24,   2.28,   -3.67,   -0.03,   50.21,   478192,   0.052745
    "ubend_0.06_1.24_3.12_13.46_0.54_33.24_269384.16_0.5",   0.06,   1.24,   3.12,   13.46,   0.54,   33.24,   269384,   0.168302
    "ubend_0.06_1.25_4.28_-14.58_-0.75_46.31_110673.4_0.5",   0.06,   1.25,   4.28,   -14.58,   -0.75,   46.31,   110673,   0.217058
    "ubend_0.06_1.27_4.22_10.63_0.55_54.73_369022.16_0.5",   0.06,   1.27,   4.22,   10.63,   0.55,   54.73,   369022,   0.2006
    "ubend_0.06_1.28_3.83_-2.13_0.3_30.57_453847.72_0.5",   0.06,   1.28,   3.83,   -2.13,   0.3,   30.57,   453847,   0.144415
    "ubend_0.06_1.29_1.62_-13.02_0.79_46.35_234053.43_0.5",   0.06,   1.29,   1.62,   -13.02,   0.79,   46.35,   234053,   0.175245
    "ubend_0.06_1.29_2.03_-8.3_-0.98_27.27_475314.74_0.5",   0.06,   1.29,   2.03,   -8.3,   -0.98,   27.27,   475314,   0.109326
    "ubend_0.06_1.29_2.63_11.52_0.56_41.97_222884.13_0.5",   0.06,   1.29,   2.63,   11.52,   0.56,   41.97,   222884,   0.162332
    "ubend_0.06_1.2_3.75_14.81_0.26_34.47_450610.59_0.5",   0.06,   1.2,   3.75,   14.81,   0.26,   34.47,   450610,   0.12703
    "ubend_0.06_1.31_3.15_8.06_0.36_12.5_118120.3_0.5",   0.06,   1.31,   3.15,   8.06,   0.36,   12.5,   118120,   0.345601
    "ubend_0.06_1.32_1.32_4.07_0.26_50.54_229002.67_0.5",   0.06,   1.32,   1.32,   4.07,   0.26,   50.54,   229002,   0.0751933
    "ubend_0.06_1.32_4.37_-6.17_-0.21_23.73_207792.6_0.5",   0.06,   1.32,   4.37,   -6.17,   -0.21,   23.73,   207792,   0.211043
    "ubend_0.06_1.33_2.12_0.76_0.33_59.96_449980.59_0.5",   0.06,   1.33,   2.12,   0.76,   0.33,   59.96,   449980,   0.0991617
    "ubend_0.06_1.33_3.19_-7.63_0.68_49.96_245221.34_0.5",   0.06,   1.33,   3.19,   -7.63,   0.68,   49.96,   245221,   0.218209
    "ubend_0.06_1.33_3.94_0.56_0.29_23.22_106712.52_0.5",   0.06,   1.33,   3.94,   0.56,   0.29,   23.22,   106712,   0.224221
    "ubend_0.06_1.34_1.22_14.17_0.64_32.27_304132.11_0.5",   0.06,   1.34,   1.22,   14.17,   0.64,   32.27,   304132,   0.122578
    "ubend_0.06_1.34_1.49_-1.13_0.69_58.0_255870.42_0.5",   0.06,   1.34,   1.49,   -1.13,   0.69,   58,   255870,   0.155273
    "ubend_0.06_1.34_2.85_13.9_-0.27_11.73_143271.88_0.5",   0.06,   1.34,   2.85,   13.9,   -0.27,   11.73,   143271,   0.376969
    "ubend_0.06_1.35_1.3_-2.47_0.34_41.29_289774.61_0.5",   0.06,   1.35,   1.3,   -2.47,   0.34,   41.29,   289774,   0.0878496
    "ubend_0.06_1.36_1.37_-7.23_0.74_13.48_146002.59_0.5",   0.06,   1.36,   1.37,   -7.23,   0.74,   13.48,   146002,   0.17146
    "ubend_0.06_1.36_1.96_-13.86_0.29_53.75_367085.16_0.5",   0.06,   1.36,   1.96,   -13.86,   0.29,   53.75,   367085,   0.0916916
    "ubend_0.06_1.37_3.82_3.77_0.42_42.77_457917.31_0.5",   0.06,   1.37,   3.82,   3.77,   0.42,   42.77,   457917,   0.150423
    "ubend_0.06_1.38_4.54_-4.72_-0.53_29.18_144800.13_0.5",   0.06,   1.38,   4.54,   -4.72,   -0.53,   29.18,   144800,   0.215983
    "ubend_0.06_1.39_2.4_9.77_-0.24_17.45_298717.36_0.5",   0.06,   1.39,   2.4,   9.77,   -0.24,   17.45,   298717,   0.180095
    "ubend_0.06_1.3_2.62_-9.15_-0.98_18.51_279264.66_0.5",   0.06,   1.3,   2.62,   -9.15,   -0.98,   18.51,   279264,   0.183626
    "ubend_0.06_1.41_0.97_-0.99_-0.38_55.95_114570.19_0.5",   0.06,   1.41,   0.97,   -0.99,   -0.38,   55.95,   114570,   0.0385339
    "ubend_0.06_1.41_1.41_-12.98_-0.51_56.77_418445.25_0.5",   0.06,   1.41,   1.41,   -12.98,   -0.51,   56.77,   418445,   0.0384744
    "ubend_0.06_1.42_1.15_2.21_0.83_33.58_280381.5_0.5",   0.06,   1.42,   1.15,   2.21,   0.83,   33.58,   280381,   0.140094
    "ubend_0.06_1.43_1.91_13.96_0.59_24.21_118391.66_0.5",   0.06,   1.43,   1.91,   13.96,   0.59,   24.21,   118391,   0.179211
    "ubend_0.06_1.44_3.93_-6.08_-0.66_47.6_115644.3_0.5",   0.06,   1.44,   3.93,   -6.08,   -0.66,   47.6,   115644,   0.194807
    "ubend_0.06_1.44_4.8_-9.57_0.07_34.09_146758.2_0.5",   0.06,   1.44,   4.8,   -9.57,   0.07,   34.09,   146758,   0.145652
    "ubend_0.06_1.45_1.25_11.91_0.81_48.74_267676.28_0.5",   0.06,   1.45,   1.25,   11.91,   0.81,   48.74,   267676,   0.155448
    "ubend_0.06_1.45_4.3_-0.26_-0.21_15.2_341553.14_0.5",   0.06,   1.45,   4.3,   -0.26,   -0.21,   15.2,   341553,   0.299157
    "ubend_0.06_1.46_1.19_-3.1_-0.66_44.89_231376.36_0.5",   0.06,   1.46,   1.19,   -3.1,   -0.66,   44.89,   231376,   0.0433446
    "ubend_0.06_1.46_2.93_14.26_0.18_42.09_231322.41_0.5",   0.06,   1.46,   2.93,   14.26,   0.18,   42.09,   231322,   0.0994515
    "ubend_0.06_1.46_4.89_-5.61_0.02_12.65_432351.34_0.5",   0.06,   1.46,   4.89,   -5.61,   0.02,   12.65,   432351,   0.361765
    "ubend_0.06_1.47_3.5_9.66_-0.0_25.45_341330.49_0.5",   0.06,   1.47,   3.5,   9.66,   -0,   25.45,   341330,   0.148701
    "ubend_0.06_1.48_4.59_-7.43_-0.38_48.49_264618.42_0.5",   0.06,   1.48,   4.59,   -7.43,   -0.38,   48.49,   264618,   0.144235
    "ubend_0.06_1.49_1.02_-12.31_-0.49_54.83_107435.68_0.5",   0.06,   1.49,   1.02,   -12.31,   -0.49,   54.83,   107435,   0.0396551
    "ubend_0.06_1.49_3.51_9.36_0.42_59.81_178680.3_0.5",   0.06,   1.49,   3.51,   9.36,   0.42,   59.81,   178680,   0.169085
    "ubend_0.06_1.4_3.58_5.18_0.23_23.76_384122.21_0.5",   0.06,   1.4,   3.58,   5.18,   0.23,   23.76,   384122,   0.17389
    "ubend_0.06_1.4_3.78_-13.5_0.37_19.47_359540.68_0.5",   0.06,   1.4,   3.78,   -13.5,   0.37,   19.47,   359540,   0.219862
    "ubend_0.06_1.5_4.35_5.4_0.97_54.62_318055.04_0.5",   0.06,   1.5,   4.35,   5.4,   0.97,   54.62,   318055,   0.348105
    "ubend_0.07_1.01_2.98_10.89_-0.36_44.35_205051.71_0.5",   0.07,   1.01,   2.98,   10.89,   -0.36,   44.35,   205051,   0.0934116
    "ubend_0.07_1.01_3.78_6.59_0.36_52.34_145033.41_0.5",   0.07,   1.01,   3.78,   6.59,   0.36,   52.34,   145033,   0.155122
    "ubend_0.07_1.02_4.28_11.46_-0.08_25.53_238711.31_0.5",   0.07,   1.02,   4.28,   11.46,   -0.08,   25.53,   238711,   0.183129
    "ubend_0.07_1.05_2.58_0.02_0.96_12.23_374593.08_0.5",   0.07,   1.05,   2.58,   0.02,   0.96,   12.23,   374593,   0.2586
    "ubend_0.07_1.05_4.93_-14.23_0.89_26.19_379675.23_0.5",   0.07,   1.05,   4.93,   -14.23,   0.89,   26.19,   379675,   0.236559
    "ubend_0.07_1.06_1.02_13.57_0.81_20.55_191902.36_0.5",   0.07,   1.06,   1.02,   13.57,   0.81,   20.55,   191902,   0.134501
    "ubend_0.07_1.06_1.06_7.46_-0.39_10.5_218212.09_0.5",   0.07,   1.06,   1.06,   7.46,   -0.39,   10.5,   218212,   0.16835
    "ubend_0.07_1.06_2.1_-1.79_0.93_47.69_281176.6_0.5",   0.07,   1.06,   2.1,   -1.79,   0.93,   47.69,   281176,   0.221983
    "ubend_0.07_1.06_4.39_-3.0_0.17_17.94_280455.44_0.5",   0.07,   1.06,   4.39,   -3,   0.17,   17.94,   280455,   0.268378
    "ubend_0.07_1.07_1.4_1.12_0.58_56.0_479078.61_0.5",   0.07,   1.07,   1.4,   1.12,   0.58,   56,   479078,   0.125704
    "ubend_0.07_1.07_3.29_13.6_-0.67_55.25_378015.91_0.5",   0.07,   1.07,   3.29,   13.6,   -0.67,   55.25,   378015,   0.141596
    "ubend_0.07_1.09_3.66_-14.61_-0.73_40.38_190302.0_0.5",   0.07,   1.09,   3.66,   -14.61,   -0.73,   40.38,   190302,   0.182428
    "ubend_0.07_1.0_1.74_10.38_-0.96_17.23_303912.09_0.5",   0.07,   1,   1.74,   10.38,   -0.96,   17.23,   303912,   0.130286
    "ubend_0.07_1.11_1.72_-0.1_0.37_21.67_183530.8_0.5",   0.07,   1.11,   1.72,   -0.1,   0.37,   21.67,   183530,   0.158522
    "ubend_0.07_1.11_4.45_4.86_0.46_17.17_152811.62_0.5",   0.07,   1.11,   4.45,   4.86,   0.46,   17.17,   152811,   0.309583
    "ubend_0.07_1.11_4.51_1.97_0.74_27.62_230579.19_0.5",   0.07,   1.11,   4.51,   1.97,   0.74,   27.62,   230579,   0.232902
    "ubend_0.07_1.12_4.63_-3.46_-0.95_40.44_313312.61_0.5",   0.07,   1.12,   4.63,   -3.46,   -0.95,   40.44,   313312,   0.256699
    "ubend_0.07_1.12_4.75_1.55_0.28_48.11_237525.66_0.5",   0.07,   1.12,   4.75,   1.55,   0.28,   48.11,   237525,   0.142042
    "ubend_0.07_1.15_2.52_-5.44_1.0_53.46_180349.23_0.5",   0.07,   1.15,   2.52,   -5.44,   1,   53.46,   180349,   0.277377
    "ubend_0.07_1.16_1.07_-14.52_-0.69_22.17_388322.83_0.5",   0.07,   1.16,   1.07,   -14.52,   -0.69,   22.17,   388322,   0.0553337
    "ubend_0.07_1.17_3.77_6.08_-0.58_14.44_276878.22_0.5",   0.07,   1.17,   3.77,   6.08,   -0.58,   14.44,   276878,   0.278936
    "ubend_0.07_1.18_3.24_4.91_0.47_29.33_373356.72_0.5",   0.07,   1.18,   3.24,   4.91,   0.47,   29.33,   373356,   0.175865
    "ubend_0.07_1.18_4.75_3.86_-0.31_43.32_169793.78_0.5",   0.07,   1.18,   4.75,   3.86,   -0.31,   43.32,   169793,   0.154055
    "ubend_0.07_1.1_4.61_-3.5_-0.71_25.81_349950.33_0.5",   0.07,   1.1,   4.61,   -3.5,   -0.71,   25.81,   349950,   0.226805
    "ubend_0.07_1.1_4.88_-1.28_-0.63_16.9_144356.48_0.5",   0.07,   1.1,   4.88,   -1.28,   -0.63,   16.9,   144356,   0.280944
    "ubend_0.07_1.22_2.61_6.13_-0.07_17.61_285486.35_0.5",   0.07,   1.22,   2.61,   6.13,   -0.07,   17.61,   285486,   0.201505
    "ubend_0.07_1.24_2.02_-12.16_-0.41_29.57_471936.3_0.5",   0.07,   1.24,   2.02,   -12.16,   -0.41,   29.57,   471936,   0.0835559
    "ubend_0.07_1.24_2.16_-10.92_0.12_48.09_128848.92_0.5",   0.07,   1.24,   2.16,   -10.92,   0.12,   48.09,   128848,   0.0834338
    "ubend_0.07_1.24_2.51_-4.1_0.19_39.01_193734.24_0.5",   0.07,   1.24,   2.51,   -4.1,   0.19,   39.01,   193734,   0.107198
    "ubend_0.07_1.25_2.71_2.67_0.89_36.08_422604.34_0.5",   0.07,   1.25,   2.71,   2.67,   0.89,   36.08,   422604,   0.220493
    "ubend_0.07_1.26_1.34_0.3_0.48_59.1_346738.61_0.5",   0.07,   1.26,   1.34,   0.3,   0.48,   59.1,   346738,   0.111702
    "ubend_0.07_1.27_2.9_-8.19_-0.67_23.88_324355.7_0.5",   0.07,   1.27,   2.9,   -8.19,   -0.67,   23.88,   324355,   0.177476
    "ubend_0.07_1.27_3.71_-3.28_-0.86_56.86_335414.47_0.5",   0.07,   1.27,   3.71,   -3.28,   -0.86,   56.86,   335414,   0.22499
    "ubend_0.07_1.27_4.32_10.38_0.74_26.66_164729.99_0.5",   0.07,   1.27,   4.32,   10.38,   0.74,   26.66,   164729,   0.241553
    "ubend_0.07_1.28_2.09_-4.98_-0.67_50.26_148269.99_0.5",   0.07,   1.28,   2.09,   -4.98,   -0.67,   50.26,   148269,   0.0904368
    "ubend_0.07_1.28_3.64_-4.29_-0.71_20.71_150686.03_0.5",   0.07,   1.28,   3.64,   -4.29,   -0.71,   20.71,   150686,   0.250162
    "ubend_0.07_1.29_1.12_-11.62_-0.48_59.61_145372.8_0.5",   0.07,   1.29,   1.12,   -11.62,   -0.48,   59.61,   145372,   0.0363841
    "ubend_0.07_1.29_3.25_-9.91_-0.83_28.29_404654.02_0.5",   0.07,   1.29,   3.25,   -9.91,   -0.83,   28.29,   404654,   0.18509
    "ubend_0.07_1.29_3.89_-9.88_-0.18_37.68_431504.99_0.5",   0.07,   1.29,   3.89,   -9.88,   -0.18,   37.68,   431504,   0.111008
    "ubend_0.07_1.31_2.62_11.02_0.6_56.97_417710.71_0.5",   0.07,   1.31,   2.62,   11.02,   0.6,   56.97,   417710,   0.190987
    "ubend_0.07_1.31_4.42_-12.44_-0.7_31.74_266553.12_0.5",   0.07,   1.31,   4.42,   -12.44,   -0.7,   31.74,   266553,   0.225166
    "ubend_0.07_1.32_1.53_5.57_0.77_49.44_310849.81_0.5",   0.07,   1.32,   1.53,   5.57,   0.77,   49.44,   310849,   0.17133
    "ubend_0.07_1.33_2.33_-3.9_-0.96_45.07_390883.58_0.5",   0.07,   1.33,   2.33,   -3.9,   -0.96,   45.07,   390883,   0.132831
    "ubend_0.07_1.33_2.8_0.61_-0.94_22.87_315376.67_0.5",   0.07,   1.33,   2.8,   0.61,   -0.94,   22.87,   315376,   0.186868
    "ubend_0.07_1.33_4.87_1.96_0.8_38.26_291901.44_0.5",   0.07,   1.33,   4.87,   1.96,   0.8,   38.26,   291901,   0.259472
    "ubend_0.07_1.34_3.06_-9.79_-0.74_12.73_158583.62_0.5",   0.07,   1.34,   3.06,   -9.79,   -0.74,   12.73,   158583,   -0.121557
    "ubend_0.07_1.36_4.84_2.43_0.26_46.25_488646.91_0.5",   0.07,   1.36,   4.84,   2.43,   0.26,   46.25,   488646,   0.131903
    "ubend_0.07_1.36_4.85_4.89_-0.44_20.35_137475.94_0.5",   0.07,   1.36,   4.85,   4.89,   -0.44,   20.35,   137475,   0.291996
    "ubend_0.07_1.38_4.57_-12.61_-0.7_35.38_236707.58_0.5",   0.07,   1.38,   4.57,   -12.61,   -0.7,   35.38,   236707,   0.232653
    "ubend_0.07_1.39_0.92_2.23_-0.74_43.35_363454.21_0.5",   0.07,   1.39,   0.92,   2.23,   -0.74,   43.35,   363454,   0.0341527
    "ubend_0.07_1.39_1.04_-0.14_-0.02_13.23_327737.47_0.5",   0.07,   1.39,   1.04,   -0.14,   -0.02,   13.23,   327737,   0.137826
    "ubend_0.07_1.39_4.58_7.51_-0.04_22.62_366506.06_0.5",   0.07,   1.39,   4.58,   7.51,   -0.04,   22.62,   366506,   0.22661
    "ubend_0.07_1.3_1.6_-9.71_-0.31_16.39_360089.76_0.5",   0.07,   1.3,   1.6,   -9.71,   -0.31,   16.39,   360089,   0.142725
    "ubend_0.07_1.3_4.04_4.82_-0.44_39.25_439956.8_0.5",   0.07,   1.3,   4.04,   4.82,   -0.44,   39.25,   439956,   0.149266
    "ubend_0.07_1.41_1.65_13.26_0.02_10.86_252077.77_0.5",   0.07,   1.41,   1.65,   13.26,   0.02,   10.86,   252077,   0.300131
    "ubend_0.07_1.41_1.97_2.97_-0.48_21.23_201207.97_0.5",   0.07,   1.41,   1.97,   2.97,   -0.48,   21.23,   201207,   0.13959
    "ubend_0.07_1.42_1.85_9.75_0.2_11.01_176531.06_0.5",   0.07,   1.42,   1.85,   9.75,   0.2,   11.01,   176531,   0.239623
    "ubend_0.07_1.42_2.88_-10.8_0.98_41.71_356160.44_0.5",   0.07,   1.42,   2.88,   -10.8,   0.98,   41.71,   356160,   0.276514
    "ubend_0.07_1.42_4.01_7.12_-0.77_50.76_291556.33_0.5",   0.07,   1.42,   4.01,   7.12,   -0.77,   50.76,   291556,   0.231128
    "ubend_0.07_1.42_4.16_14.7_0.86_25.1_434049.43_0.5",   0.07,   1.42,   4.16,   14.7,   0.86,   25.1,   434049,   0.226228
    "ubend_0.07_1.43_3.48_1.61_0.05_25.18_297597.74_0.5",   0.07,   1.43,   3.48,   1.61,   0.05,   25.18,   297597,   0.166823
    "ubend_0.07_1.44_1.02_-8.95_0.15_37.12_120837.05_0.5",   0.07,   1.44,   1.02,   -8.95,   0.15,   37.12,   120837,   0.0866221
    "ubend_0.07_1.44_2.83_2.69_-0.51_26.87_382577.11_0.5",   0.07,   1.44,   2.83,   2.69,   -0.51,   26.87,   382577,   0.157088
    "ubend_0.07_1.45_1.32_7.72_0.45_44.18_278935.09_0.5",   0.07,   1.45,   1.32,   7.72,   0.45,   44.18,   278935,   0.109514
    "ubend_0.07_1.46_2.47_13.96_0.66_28.66_118728.61_0.5",   0.07,   1.46,   2.47,   13.96,   0.66,   28.66,   118728,   0.210587
    "ubend_0.07_1.46_4.49_2.17_-0.75_46.03_154913.8_0.5",   0.07,   1.46,   4.49,   2.17,   -0.75,   46.03,   154913,   0.256669
    "ubend_0.07_1.46_4.98_-0.95_0.96_19.0_319742.58_0.5",   0.07,   1.46,   4.98,   -0.95,   0.96,   19,   319742,   0.275816
    "ubend_0.07_1.47_2.12_-11.44_-0.05_22.46_167262.05_0.5",   0.07,   1.47,   2.12,   -11.44,   -0.05,   22.46,   167262,   0.149288
    "ubend_0.07_1.48_1.01_-11.59_-0.84_42.87_108324.98_0.5",   0.07,   1.48,   1.01,   -11.59,   -0.84,   42.87,   108324,   0.0492151
    "ubend_0.07_1.48_1.69_1.78_0.38_55.01_394696.84_0.5",   0.07,   1.48,   1.69,   1.78,   0.38,   55.01,   394696,   0.108854
    "ubend_0.07_1.49_0.96_3.15_0.94_14.98_203216.98_0.5",   0.07,   1.49,   0.96,   3.15,   0.94,   14.98,   203216,   0.121521
    "ubend_0.07_1.4_3.41_-12.67_-0.87_21.35_330827.0_0.5",   0.07,   1.4,   3.41,   -12.67,   -0.87,   21.35,   330827,   0.223846
    "ubend_0.07_1.5_3.84_2.49_0.74_56.27_478981.75_0.5",   0.07,   1.5,   3.84,   2.49,   0.74,   56.27,   478981,   0.286137
    "ubend_0.08_1.01_1.74_3.38_0.46_44.98_438761.99_0.5",   0.08,   1.01,   1.74,   3.38,   0.46,   44.98,   438761,   0.117206
    "ubend_0.08_1.02_1.03_3.41_0.48_58.58_157321.46_0.5",   0.08,   1.02,   1.03,   3.41,   0.48,   58.58,   157321,   0.107175
    "ubend_0.08_1.02_3.54_8.74_0.61_26.19_355643.67_0.5",   0.08,   1.02,   3.54,   8.74,   0.61,   26.19,   355643,   0.209735
    "ubend_0.08_1.03_2.87_4.59_-0.09_39.31_425771.57_0.5",   0.08,   1.03,   2.87,   4.59,   -0.09,   39.31,   425771,   0.0813875
    "ubend_0.08_1.03_4.21_-8.14_-0.14_39.54_469036.47_0.5",   0.08,   1.03,   4.21,   -8.14,   -0.14,   39.54,   469036,   0.112198
    "ubend_0.08_1.03_4.27_13.1_0.12_40.9_409865.73_0.5",   0.08,   1.03,   4.27,   13.1,   0.12,   40.9,   409865,   0.115689
    "ubend_0.08_1.04_1.62_-12.46_0.19_58.83_226588.43_0.5",   0.08,   1.04,   1.62,   -12.46,   0.19,   58.83,   226588,   0.0764054
    "ubend_0.08_1.04_2.4_6.79_0.81_31.39_356510.18_0.5",   0.08,   1.04,   2.4,   6.79,   0.81,   31.39,   356510,   0.19268
    "ubend_0.08_1.04_4.59_-11.4_-0.33_35.6_124558.26_0.5",   0.08,   1.04,   4.59,   -11.4,   -0.33,   35.6,   124558,   0.19652
    "ubend_0.08_1.05_1.47_-8.08_-0.0_16.06_356966.67_0.5",   0.08,   1.05,   1.47,   -8.08,   -0,   16.06,   356966,   0.156442
    "ubend_0.08_1.05_4.82_-14.72_0.75_56.49_298175.09_0.5",   0.08,   1.05,   4.82,   -14.72,   0.75,   56.49,   298175,   0.301756
    "ubend_0.08_1.06_1.81_10.95_-0.78_51.77_493527.82_0.5",   0.08,   1.06,   1.81,   10.95,   -0.78,   51.77,   493527,   0.0721799
    "ubend_0.08_1.07_1.82_-2.01_0.1_30.05_127957.61_0.5",   0.08,   1.07,   1.82,   -2.01,   0.1,   30.05,   127957,   0.119368
    "ubend_0.08_1.07_3.59_8.32_0.6_58.88_495310.1_0.5",   0.08,   1.07,   3.59,   8.32,   0.6,   58.88,   495310,   0.221377
    "ubend_0.08_1.08_1.09_-8.59_-0.98_23.23_343801.07_0.5",   0.08,   1.08,   1.09,   -8.59,   -0.98,   23.23,   343801,   0.0614491
    "ubend_0.08_1.08_2.81_10.29_-0.95_44.21_249860.19_0.5",   0.08,   1.08,   2.81,   10.29,   -0.95,   44.21,   249860,   0.174728
    "ubend_0.08_1.0_3.42_-8.44_-0.05_46.78_495064.87_0.5",   0.08,   1,   3.42,   -8.44,   -0.05,   46.78,   495064,   0.0808765
    "ubend_0.08_1.11_1.97_5.22_0.91_33.71_308550.97_0.5",   0.08,   1.11,   1.97,   5.22,   0.91,   33.71,   308550,   0.195897
    "ubend_0.08_1.11_3.04_-6.03_-1.0_51.41_491169.92_0.5",   0.08,   1.11,   3.04,   -6.03,   -1,   51.41,   491169,   0.198173
    "ubend_0.08_1.11_3.06_-2.32_0.43_15.89_467684.61_0.5",   0.08,   1.11,   3.06,   -2.32,   0.43,   15.89,   467684,   0.244833
    "ubend_0.08_1.12_1.13_-14.19_-0.19_15.1_302501.26_0.5",   0.08,   1.12,   1.13,   -14.19,   -0.19,   15.1,   302501,   0.139801
    "ubend_0.08_1.12_1.2_7.96_0.33_19.57_456978.17_0.5",   0.08,   1.12,   1.2,   7.96,   0.33,   19.57,   456978,   0.126829
    "ubend_0.08_1.13_3.79_-6.59_-0.71_19.05_380625.64_0.5",   0.08,   1.13,   3.79,   -6.59,   -0.71,   19.05,   380625,   0.249238
    "ubend_0.08_1.13_4.38_-13.17_0.7_37.03_203953.25_0.5",   0.08,   1.13,   4.38,   -13.17,   0.7,   37.03,   203953,   0.247158
    "ubend_0.08_1.13_4.55_-12.93_-0.99_53.29_363304.3_0.5",   0.08,   1.13,   4.55,   -12.93,   -0.99,   53.29,   363304,   0.316313
    "ubend_0.08_1.14_3.35_-4.14_0.15_35.01_317064.44_0.5",   0.08,   1.14,   3.35,   -4.14,   0.15,   35.01,   317064,   0.121415
    "ubend_0.08_1.16_2.1_-8.54_-0.95_34.52_217773.15_0.5",   0.08,   1.16,   2.1,   -8.54,   -0.95,   34.52,   217773,   0.12592
    "ubend_0.08_1.17_3.88_10.31_-0.33_43.56_477843.21_0.5",   0.08,   1.17,   3.88,   10.31,   -0.33,   43.56,   477843,   0.124334
    "ubend_0.08_1.18_1.29_-12.39_-0.07_33.51_276218.86_0.5",   0.08,   1.18,   1.29,   -12.39,   -0.07,   33.51,   276218,   0.0621698
    "ubend_0.08_1.1_1.18_-0.73_-0.72_36.12_349025.55_0.5",   0.08,   1.1,   1.18,   -0.73,   -0.72,   36.12,   349025,   0.0444223
    "ubend_0.08_1.1_1.99_3.85_-0.75_44.6_399662.22_0.5",   0.08,   1.1,   1.99,   3.85,   -0.75,   44.6,   399662,   0.0839183
    "ubend_0.08_1.1_3.66_8.46_0.57_39.24_114109.26_0.5",   0.08,   1.1,   3.66,   8.46,   0.57,   39.24,   114109,   0.215957
    "ubend_0.08_1.21_2.73_-9.63_-0.28_58.68_279949.89_0.5",   0.08,   1.21,   2.73,   -9.63,   -0.28,   58.68,   279949,   0.0672814
    "ubend_0.08_1.21_5.0_11.2_-0.17_52.11_240849.85_0.5",   0.08,   1.21,   5,   11.2,   -0.17,   52.11,   240849,   0.120332
    "ubend_0.08_1.22_2.37_0.86_0.86_38.08_401663.39_0.5",   0.08,   1.22,   2.37,   0.86,   0.86,   38.08,   401663,   0.218181
    "ubend_0.08_1.23_1.02_-11.54_0.47_14.58_149482.26_0.5",   0.08,   1.23,   1.02,   -11.54,   0.47,   14.58,   149482,   0.0614418
    "ubend_0.08_1.23_1.13_-1.49_0.84_59.67_291024.18_0.5",   0.08,   1.23,   1.13,   -1.49,   0.84,   59.67,   291024,   0.15747
    "ubend_0.08_1.23_2.27_-7.1_0.42_47.05_103369.47_0.5",   0.08,   1.23,   2.27,   -7.1,   0.42,   47.05,   103369,   0.149736
    "ubend_0.08_1.23_2.71_5.26_0.17_31.15_377367.21_0.5",   0.08,   1.23,   2.71,   5.26,   0.17,   31.15,   377367,   0.127548
    "ubend_0.08_1.24_1.43_-4.57_0.8_37.65_294720.39_0.5",   0.08,   1.24,   1.43,   -4.57,   0.8,   37.65,   294720,   0.16653
    "ubend_0.08_1.26_0.94_-3.77_0.14_25.02_264783.38_0.5",   0.08,   1.26,   0.94,   -3.77,   0.14,   25.02,   264783,   0.0998389
    "ubend_0.08_1.26_1.42_6.73_0.44_18.15_154115.91_0.5",   0.08,   1.26,   1.42,   6.73,   0.44,   18.15,   154115,   0.171841
    "ubend_0.08_1.28_3.85_2.28_-0.01_11.8_170441.16_0.5",   0.08,   1.28,   3.85,   2.28,   -0.01,   11.8,   170441,   0.369137
    "ubend_0.08_1.28_4.37_1.68_0.77_44.06_333756.58_0.5",   0.08,   1.28,   4.37,   1.68,   0.77,   44.06,   333756,   0.275193
    "ubend_0.08_1.29_1.73_-8.38_-0.74_27.88_431261.0_0.5",   0.08,   1.29,   1.73,   -8.38,   -0.74,   27.88,   431261,   0.0944792
    "ubend_0.08_1.29_3.29_2.93_0.45_55.97_496551.71_0.5",   0.08,   1.29,   3.29,   2.93,   0.45,   55.97,   496551,   0.172379
    "ubend_0.08_1.2_2.7_12.93_0.35_17.55_424189.61_0.5",   0.08,   1.2,   2.7,   12.93,   0.35,   17.55,   424189,   0.195886
    "ubend_0.08_1.31_1.38_12.69_0.22_17.72_315284.71_0.5",   0.08,   1.31,   1.38,   12.69,   0.22,   17.72,   315284,   0.0145902
    "ubend_0.08_1.33_1.82_6.34_-0.45_39.11_104331.73_0.5",   0.08,   1.33,   1.82,   6.34,   -0.45,   39.11,   104331,   0.0833183
    "ubend_0.08_1.33_2.33_-3.97_0.97_55.91_311689.79_0.5",   0.08,   1.33,   2.33,   -3.97,   0.97,   55.91,   311689,   0.287942
    "ubend_0.08_1.33_3.49_-1.56_-0.63_20.55_215169.76_0.5",   0.08,   1.33,   3.49,   -1.56,   -0.63,   20.55,   215169,   0.253663
    "ubend_0.08_1.35_1.12_10.25_0.25_28.01_343161.31_0.5",   0.08,   1.35,   1.12,   10.25,   0.25,   28.01,   343161,   0.107092
    "ubend_0.08_1.36_2.79_-14.32_0.03_57.3_433067.59_0.5",   0.08,   1.36,   2.79,   -14.32,   0.03,   57.3,   433067,   0.0620164
    "ubend_0.08_1.36_3.08_1.21_-0.24_22.03_314041.24_0.5",   0.08,   1.36,   3.08,   1.21,   -0.24,   22.03,   314041,   0.208507
    "ubend_0.08_1.36_4.66_0.25_0.76_24.72_429786.75_0.5",   0.08,   1.36,   4.66,   0.25,   0.76,   24.72,   429786,   0.241346
    "ubend_0.08_1.37_2.08_6.41_0.03_48.38_294232.14_0.5",   0.08,   1.37,   2.08,   6.41,   0.03,   48.38,   294232,   0.0616945
    "ubend_0.08_1.38_1.32_-9.03_0.55_24.83_149266.83_0.5",   0.08,   1.38,   1.32,   -9.03,   0.55,   24.83,   149266,   0.155272
    "ubend_0.08_1.38_3.2_4.29_0.26_40.82_156267.18_0.5",   0.08,   1.38,   3.2,   4.29,   0.26,   40.82,   156267,   0.144357
    "ubend_0.08_1.39_4.03_-11.1_-0.63_38.15_134845.04_0.5",   0.08,   1.39,   4.03,   -11.1,   -0.63,   38.15,   134845,   0.231523
    "ubend_0.08_1.39_4.8_10.54_0.81_31.52_455169.67_0.5",   0.08,   1.39,   4.8,   10.54,   0.81,   31.52,   455169,   0.259139
    "ubend_0.08_1.42_2.48_-0.43_-0.08_30.43_467248.44_0.5",   0.08,   1.42,   2.48,   -0.43,   -0.08,   30.43,   467248,   0.104687
    "ubend_0.08_1.43_2.11_7.69_0.2_18.06_290219.29_0.5",   0.08,   1.43,   2.11,   7.69,   0.2,   18.06,   290219,   0.184673
    "ubend_0.08_1.43_3.02_8.57_-0.16_47.24_192036.65_0.5",   0.08,   1.43,   3.02,   8.57,   -0.16,   47.24,   192036,   0.09454
    "ubend_0.08_1.44_2.43_-6.79_0.11_25.72_138599.79_0.5",   0.08,   1.44,   2.43,   -6.79,   0.11,   25.72,   138599,   0.171181
    "ubend_0.08_1.45_2.13_6.37_0.78_20.43_309404.75_0.5",   0.08,   1.45,   2.13,   6.37,   0.78,   20.43,   309404,   0.18455
    "ubend_0.08_1.45_2.21_5.21_-0.7_58.98_337432.16_0.5",   0.08,   1.45,   2.21,   5.21,   -0.7,   58.98,   337432,   0.106081
    "ubend_0.08_1.45_2.91_-11.29_0.66_38.77_397827.29_0.5",   0.08,   1.45,   2.91,   -11.29,   0.66,   38.77,   397827,   0.219644
    "ubend_0.08_1.45_3.35_14.09_0.76_43.93_318399.63_0.5",   0.08,   1.45,   3.35,   14.09,   0.76,   43.93,   318399,   0.263146
    "ubend_0.08_1.49_3.0_-0.35_-0.79_59.24_250621.51_0.5",   0.08,   1.49,   3,   -0.35,   -0.79,   59.24,   250621,   0.190863
    "ubend_0.08_1.49_3.11_-0.19_-0.36_39.49_134342.04_0.5",   0.08,   1.49,   3.11,   -0.19,   -0.36,   39.49,   134342,   0.149103
    "ubend_0.08_1.49_3.74_-9.23_0.92_28.8_462963.06_0.5",   0.08,   1.49,   3.74,   -9.23,   0.92,   28.8,   462963,   0.251487
    "ubend_0.08_1.49_4.64_13.14_0.49_43.43_452241.59_0.5",   0.08,   1.49,   4.64,   13.14,   0.49,   43.43,   452241,   0.212837
    "ubend_0.08_1.4_2.92_8.98_0.67_21.92_307196.34_0.5",   0.08,   1.4,   2.92,   8.98,   0.67,   21.92,   307196,   0.207953
    "ubend_0.08_1.5_3.57_14.56_-0.22_46.52_250738.51_0.5",   0.08,   1.5,   3.57,   14.56,   -0.22,   46.52,   250738,   0.115907
    "ubend_0.09_1.01_2.51_-8.23_-0.18_53.57_489535.35_0.5",   0.09,   1.01,   2.51,   -8.23,   -0.18,   53.57,   489535,   0.0584254
    "ubend_0.09_1.02_4.1_3.17_0.63_18.88_306469.34_0.5",   0.09,   1.02,   4.1,   3.17,   0.63,   18.88,   306469,   0.257048
    "ubend_0.09_1.03_3.44_5.4_-0.9_51.29_498670.21_0.5",   0.09,   1.03,   3.44,   5.4,   -0.9,   51.29,   498670,   0.222082
    "ubend_0.09_1.04_4.05_-7.59_0.51_10.29_237387.53_0.5",   0.09,   1.04,   4.05,   -7.59,   0.51,   10.29,   237387,   0.655359
    "ubend_0.09_1.04_4.91_2.54_-0.8_26.58_255173.51_0.5",   0.09,   1.04,   4.91,   2.54,   -0.8,   26.58,   255173,   0.270977
    "ubend_0.09_1.07_1.86_-2.41_0.44_55.43_482814.52_0.5",   0.09,   1.07,   1.86,   -2.41,   0.44,   55.43,   482814,   0.1254
    "ubend_0.09_1.07_2.76_-4.43_-0.27_37.76_365455.96_0.5",   0.09,   1.07,   2.76,   -4.43,   -0.27,   37.76,   365455,   0.0981676
    "ubend_0.09_1.08_2.13_9.15_0.85_40.15_347951.22_0.5",   0.09,   1.08,   2.13,   9.15,   0.85,   40.15,   347951,   0.212352
    "ubend_0.09_1.09_1.96_2.6_-0.61_56.12_446467.2_0.5",   0.09,   1.09,   1.96,   2.6,   -0.61,   56.12,   446467,   0.0688387
    "ubend_0.09_1.09_3.3_-7.79_0.94_14.32_256431.71_0.5",   0.09,   1.09,   3.3,   -7.79,   0.94,   14.32,   256431,   0.285349
    "ubend_0.09_1.09_3.51_-14.94_0.65_36.31_419912.06_0.5",   0.09,   1.09,   3.51,   -14.94,   0.65,   36.31,   419912,   0.22045
    "ubend_0.09_1.09_4.22_-0.66_-0.61_40.2_339142.56_0.5",   0.09,   1.09,   4.22,   -0.66,   -0.61,   40.2,   339142,   0.212354
    "ubend_0.09_1.11_1.81_-0.03_-0.04_25.34_131150.87_0.5",   0.09,   1.11,   1.81,   -0.03,   -0.04,   25.34,   131150,   0.145012
    "ubend_0.09_1.13_1.16_-3.9_0.1_43.83_286052.28_0.5",   0.09,   1.13,   1.16,   -3.9,   0.1,   43.83,   286052,   0.0652778
    "ubend_0.09_1.14_3.18_7.1_0.5_11.8_457186.25_0.5",   0.09,   1.14,   3.18,   7.1,   0.5,   11.8,   457186,   0.340743
    "ubend_0.09_1.14_4.2_4.01_0.69_51.02_335053.4_0.5",   0.09,   1.14,   4.2,   4.01,   0.69,   51.02,   335053,   0.271239
    "ubend_0.09_1.14_4.41_6.45_-0.37_32.42_464712.61_0.5",   0.09,   1.14,   4.41,   6.45,   -0.37,   32.42,   464712,   0.203616
    "ubend_0.09_1.15_4.07_10.83_0.48_24.56_466614.18_0.5",   0.09,   1.15,   4.07,   10.83,   0.48,   24.56,   466614,   0.219969
    "ubend_0.09_1.16_4.68_-11.87_-0.41_13.93_328284.86_0.5",   0.09,   1.16,   4.68,   -11.87,   -0.41,   13.93,   328284,   0.171725
    "ubend_0.09_1.17_0.93_-3.57_0.15_45.84_216295.0_0.5",   0.09,   1.17,   0.93,   -3.57,   0.15,   45.84,   216295,   0.0709165
    "ubend_0.09_1.18_2.55_-11.79_0.56_13.88_469490.68_0.5",   0.09,   1.18,   2.55,   -11.79,   0.56,   13.88,   469490,   0.25922
    "ubend_0.09_1.18_4.7_8.23_0.6_46.98_247761.88_0.5",   0.09,   1.18,   4.7,   8.23,   0.6,   46.98,   247761,   0.255363
    "ubend_0.09_1.19_1.1_-4.88_0.05_21.5_393270.22_0.5",   0.09,   1.19,   1.1,   -4.88,   0.05,   21.5,   393270,   0.11605
    "ubend_0.09_1.19_1.54_9.95_-0.12_37.3_351344.62_0.5",   0.09,   1.19,   1.54,   9.95,   -0.12,   37.3,   351344,   0.0567556
    "ubend_0.09_1.19_3.96_8.86_0.38_47.31_100174.51_0.5",   0.09,   1.19,   3.96,   8.86,   0.38,   47.31,   100174,   0.190744
    "ubend_0.09_1.1_0.97_4.55_-0.76_52.52_479371.86_0.5",   0.09,   1.1,   0.97,   4.55,   -0.76,   52.52,   479371,   0.0325911
    "ubend_0.09_1.21_3.44_-1.75_0.13_42.56_322925.72_0.5",   0.09,   1.21,   3.44,   -1.75,   0.13,   42.56,   322925,   0.107003
    "ubend_0.09_1.22_3.27_12.84_-0.13_59.92_472235.26_0.5",   0.09,   1.22,   3.27,   12.84,   -0.13,   59.92,   472235,   0.0681991
    "ubend_0.09_1.23_1.92_11.66_-0.3_40.31_435819.46_0.5",   0.09,   1.23,   1.92,   11.66,   -0.3,   40.31,   435819,   0.0631753
    "ubend_0.09_1.23_4.24_2.6_0.15_45.51_226729.07_0.5",   0.09,   1.23,   4.24,   2.6,   0.15,   45.51,   226729,   0.119855
    "ubend_0.09_1.24_1.68_-13.12_-0.12_30.19_222652.66_0.5",   0.09,   1.24,   1.68,   -13.12,   -0.12,   30.19,   222652,   0.08165
    "ubend_0.09_1.24_2.3_2.14_0.63_17.12_194088.89_0.5",   0.09,   1.24,   2.3,   2.14,   0.63,   17.12,   194088,   0.226365
    "ubend_0.09_1.25_2.68_1.45_0.73_42.05_353623.19_0.5",   0.09,   1.25,   2.68,   1.45,   0.73,   42.05,   353623,   0.227911
    "ubend_0.09_1.25_3.08_0.14_-0.23_31.36_383212.11_0.5",   0.09,   1.25,   3.08,   0.14,   -0.23,   31.36,   383212,   0.146239
    "ubend_0.09_1.25_3.87_1.26_-0.25_58.14_407972.24_0.5",   0.09,   1.25,   3.87,   1.26,   -0.25,   58.14,   407972,   0.105442
    "ubend_0.09_1.25_4.38_1.07_-0.43_53.02_152829.4_0.5",   0.09,   1.25,   4.38,   1.07,   -0.43,   53.02,   152829,   0.197881
    "ubend_0.09_1.26_2.66_4.15_0.73_25.24_353712.98_0.5",   0.09,   1.26,   2.66,   4.15,   0.73,   25.24,   353712,   0.207918
    "ubend_0.09_1.26_3.09_11.83_0.45_43.11_115083.9_0.5",   0.09,   1.26,   3.09,   11.83,   0.45,   43.11,   115083,   0.194653
    "ubend_0.09_1.27_2.86_5.67_-0.91_26.74_409908.14_0.5",   0.09,   1.27,   2.86,   5.67,   -0.91,   26.74,   409908,   0.201244
    "ubend_0.09_1.27_4.36_-0.23_0.43_13.72_445973.5_0.5",   0.09,   1.27,   4.36,   -0.23,   0.43,   13.72,   445973,   0.402605
    "ubend_0.09_1.28_3.56_9.87_-0.32_57.8_490456.96_0.5",   0.09,   1.28,   3.56,   9.87,   -0.32,   57.8,   490456,   0.111674
    "ubend_0.09_1.2_2.89_10.59_-0.88_43.03_409321.73_0.5",   0.09,   1.2,   2.89,   10.59,   -0.88,   43.03,   409321,   0.185307
    "ubend_0.09_1.31_2.34_14.03_-0.44_10.73_181274.27_0.5",   0.09,   1.31,   2.34,   14.03,   -0.44,   10.73,   181274,   0.220852
    "ubend_0.09_1.33_3.17_5.98_-0.78_41.12_135736.15_0.5",   0.09,   1.33,   3.17,   5.98,   -0.78,   41.12,   135736,   0.217642
    "ubend_0.09_1.34_4.65_9.54_0.5_16.48_235285.57_0.5",   0.09,   1.34,   4.65,   9.54,   0.5,   16.48,   235285,   0.998642
    "ubend_0.09_1.34_4.79_-8.84_-0.12_41.46_110189.66_0.5",   0.09,   1.34,   4.79,   -8.84,   -0.12,   41.46,   110189,   0.172964
    "ubend_0.09_1.35_1.87_10.98_0.36_55.71_405576.11_0.5",   0.09,   1.35,   1.87,   10.98,   0.36,   55.71,   405576,   0.117004
    "ubend_0.09_1.35_3.16_-12.09_0.73_37.58_229471.74_0.5",   0.09,   1.35,   3.16,   -12.09,   0.73,   37.58,   229471,   0.250586
    "ubend_0.09_1.36_3.49_-1.81_0.0_34.33_196583.68_0.5",   0.09,   1.36,   3.49,   -1.81,   0,   34.33,   196583,   0.147728
    "ubend_0.09_1.37_2.56_6.25_-0.65_19.38_284060.29_0.5",   0.09,   1.37,   2.56,   6.25,   -0.65,   19.38,   284060,   0.218396
    "ubend_0.09_1.37_3.96_-4.55_0.91_37.38_390194.27_0.5",   0.09,   1.37,   3.96,   -4.55,   0.91,   37.38,   390194,   0.290544
    "ubend_0.09_1.38_2.84_12.0_-0.19_38.18_423459.31_0.5",   0.09,   1.38,   2.84,   12,   -0.19,   38.18,   423459,   0.107193
    "ubend_0.09_1.38_4.24_10.03_-0.77_17.4_375705.06_0.5",   0.09,   1.38,   4.24,   10.03,   -0.77,   17.4,   375705,   -4.41863
    "ubend_0.09_1.39_3.2_-10.89_0.13_47.53_157989.39_0.5",   0.09,   1.39,   3.2,   -10.89,   0.13,   47.53,   157989,   0.112479
    "ubend_0.09_1.3_3.85_5.92_0.65_53.92_436463.54_0.5",   0.09,   1.3,   3.85,   5.92,   0.65,   53.92,   436463,   0.266469
    "ubend_0.09_1.41_1.95_0.54_0.98_52.48_376145.89_0.5",   0.09,   1.41,   1.95,   0.54,   0.98,   52.48,   376145,   0.266511
    "ubend_0.09_1.41_4.71_-7.83_-0.43_27.77_174095.74_0.5",   0.09,   1.41,   4.71,   -7.83,   -0.43,   27.77,   174095,   0.28054
    "ubend_0.09_1.42_1.21_7.85_-0.45_41.36_201356.22_0.5",   0.09,   1.42,   1.21,   7.85,   -0.45,   41.36,   201356,   0.0477153
    "ubend_0.09_1.43_0.99_5.0_0.58_13.6_206241.83_0.5",   0.09,   1.43,   0.99,   5,   0.58,   13.6,   206241,   0.148014
    "ubend_0.09_1.44_3.81_7.36_0.7_37.5_331382.7_0.5",   0.09,   1.44,   3.81,   7.36,   0.7,   37.5,   331382,   0.258632
    "ubend_0.09_1.45_1.88_7.6_0.42_56.2_370879.67_0.5",   0.09,   1.45,   1.88,   7.6,   0.42,   56.2,   370879,   0.136661
    "ubend_0.09_1.45_2.94_13.84_0.88_59.38_241616.16_0.5",   0.09,   1.45,   2.94,   13.84,   0.88,   59.38,   241616,   0.331742
    "ubend_0.09_1.47_1.39_-6.46_0.21_22.36_368869.13_0.5",   0.09,   1.47,   1.39,   -6.46,   0.21,   22.36,   368869,   0.149118
    "ubend_0.09_1.47_4.43_-5.15_-0.93_14.69_163111.99_0.5",   0.09,   1.47,   4.43,   -5.15,   -0.93,   14.69,   163111,   0.340498
    "ubend_0.09_1.48_2.38_-12.29_0.89_28.55_410937.29_0.5",   0.09,   1.48,   2.38,   -12.29,   0.89,   28.55,   410937,   0.229007
    "ubend_0.09_1.49_3.92_-7.03_0.35_58.45_401985.61_0.5",   0.09,   1.49,   3.92,   -7.03,   0.35,   58.45,   401985,   0.176084
    "ubend_0.09_1.5_4.52_0.75_0.78_14.04_329959.08_0.5",   0.09,   1.5,   4.52,   0.75,   0.78,   14.04,   329959,   0.399474
    "ubend_0.09_1.5_4.76_-5.5_0.83_11.41_350222.84_0.5",   0.09,   1.5,   4.76,   -5.5,   0.83,   11.41,   350222,   0.608317
    "ubend_0.1_1.03_1.44_-6.82_0.53_11.6_465964.26_0.5",   0.1,   1.03,   1.44,   -6.82,   0.53,   11.6,   465964,   0.0210605
    "ubend_0.1_1.03_3.57_-14.83_0.5_27.06_337254.59_0.5",   0.1,   1.03,   3.57,   -14.83,   0.5,   27.06,   337254,   0.213471
    "ubend_0.1_1.04_1.8_7.77_0.39_54.31_441452.43_0.5",   0.1,   1.04,   1.8,   7.77,   0.39,   54.31,   441452,   0.117445
    "ubend_0.1_1.06_1.34_-6.37_-0.01_29.0_125288.57_0.5",   0.1,   1.06,   1.34,   -6.37,   -0.01,   29,   125288,   0.120349
    "ubend_0.1_1.13_1.51_7.82_0.72_33.84_175020.71_0.5",   0.1,   1.13,   1.51,   7.82,   0.72,   33.84,   175020,   0.173964
    "ubend_0.1_1.13_3.05_8.27_-0.1_38.01_271993.15_0.5",   0.1,   1.13,   3.05,   8.27,   -0.1,   38.01,   271993,   0.110962
    "ubend_0.1_1.13_3.35_-9.17_0.54_11.46_414616.0_0.5",   0.1,   1.13,   3.35,   -9.17,   0.54,   11.46,   414616,   0.447013
    "ubend_0.1_1.13_3.41_-8.88_-0.12_16.21_459531.42_0.5",   0.1,   1.13,   3.41,   -8.88,   -0.12,   16.21,   459531,   0.289797
    "ubend_0.1_1.15_2.56_-13.38_0.51_18.48_325716.88_0.5",   0.1,   1.15,   2.56,   -13.38,   0.51,   18.48,   325716,   0.208705
    "ubend_0.1_1.15_4.14_4.66_0.86_43.71_253020.39_0.5",   0.1,   1.15,   4.14,   4.66,   0.86,   43.71,   253020,   0.310879
    "ubend_0.1_1.17_2.99_8.32_0.25_36.17_437337.43_0.5",   0.1,   1.17,   2.99,   8.32,   0.25,   36.17,   437337,   0.148782
    "ubend_0.1_1.17_4.69_9.03_0.24_56.35_248563.17_0.5",   0.1,   1.17,   4.69,   9.03,   0.24,   56.35,   248563,   0.14939
    "ubend_0.1_1.22_1.29_7.41_0.68_19.16_333289.72_0.5",   0.1,   1.22,   1.29,   7.41,   0.68,   19.16,   333289,   0.163272
    "ubend_0.1_1.22_3.32_14.37_0.08_19.64_302093.48_0.5",   0.1,   1.22,   3.32,   14.37,   0.08,   19.64,   302093,   1.10897
    "ubend_0.1_1.25_4.09_1.05_-0.36_14.4_406584.17_0.5",   0.1,   1.25,   4.09,   1.05,   -0.36,   14.4,   406584,   0.185466
    "ubend_0.1_1.27_1.55_2.34_0.09_45.12_390109.51_0.5",   0.1,   1.27,   1.55,   2.34,   0.09,   45.12,   390109,   0.0688082
    "ubend_0.1_1.27_1.79_14.14_-0.49_32.81_273875.49_0.5",   0.1,   1.27,   1.79,   14.14,   -0.49,   32.81,   273875,   0.0973564
    "ubend_0.1_1.27_3.66_-3.21_0.23_38.38_299693.74_0.5",   0.1,   1.27,   3.66,   -3.21,   0.23,   38.38,   299693,   0.158311
    "ubend_0.1_1.28_1.48_8.16_0.03_35.41_398052.07_0.5",   0.1,   1.28,   1.48,   8.16,   0.03,   35.41,   398052,   0.079838
    "ubend_0.1_1.29_4.01_-10.51_0.61_23.44_496375.63_0.5",   0.1,   1.29,   4.01,   -10.51,   0.61,   23.44,   496375,   0.230595
    "ubend_0.1_1.32_3.68_9.64_-0.07_42.59_463406.69_0.5",   0.1,   1.32,   3.68,   9.64,   -0.07,   42.59,   463406,   0.111498
    "ubend_0.1_1.32_3.98_-11.05_-0.55_27.41_396848.27_0.5",   0.1,   1.32,   3.98,   -11.05,   -0.55,   27.41,   396848,   0.248947
    "ubend_0.1_1.34_3.3_-2.64_-0.26_48.82_274925.01_0.5",   0.1,   1.34,   3.3,   -2.64,   -0.26,   48.82,   274925,   0.12099
    "ubend_0.1_1.35_4.88_-1.35_-0.8_19.62_422650.88_0.5",   0.1,   1.35,   4.88,   -1.35,   -0.8,   19.62,   422650,   -0.11137
    "ubend_0.1_1.36_2.59_-4.77_0.08_19.75_102510.42_0.5",   0.1,   1.36,   2.59,   -4.77,   0.08,   19.75,   102510,   0.269922
    "ubend_0.1_1.41_2.44_12.61_0.85_25.04_470072.47_0.5",   0.1,   1.41,   2.44,   12.61,   0.85,   25.04,   470072,   0.206108
    "ubend_0.1_1.41_3.84_10.61_-0.99_22.1_438238.84_0.5",   0.1,   1.41,   3.84,   10.61,   -0.99,   22.1,   438238,   0.290751
    "ubend_0.1_1.42_1.9_-13.63_-0.62_54.48_407167.76_0.5",   0.1,   1.42,   1.9,   -13.63,   -0.62,   54.48,   407167,   0.0854574
    "ubend_0.1_1.43_1.39_13.04_0.31_24.28_474330.01_0.5",   0.1,   1.43,   1.39,   13.04,   0.31,   24.28,   474330,   0.148287
    "ubend_0.1_1.43_2.19_-0.52_0.11_27.98_131386.33_0.5",   0.1,   1.43,   2.19,   -0.52,   0.11,   27.98,   131386,   0.171342
    "ubend_0.1_1.45_1.17_4.43_0.06_18.77_326711.99_0.5",   0.1,   1.45,   1.17,   4.43,   0.06,   18.77,   326711,   0.139733
    "ubend_0.1_1.45_2.25_12.25_-0.37_28.67_426138.84_0.5",   0.1,   1.45,   2.25,   12.25,   -0.37,   28.67,   426138,   0.142485
    "ubend_0.1_1.46_4.9_-12.55_0.62_36.72_443684.08_0.5",   0.1,   1.46,   4.9,   -12.55,   0.62,   36.72,   443684,   0.275026
    "ubend_0.1_1.47_2.6_1.93_-0.04_20.63_372153.22_0.5",   0.1,   1.47,   2.6,   1.93,   -0.04,   20.63,   372153,   0.220269
    "ubend_0.1_1.47_4.41_12.0_0.05_10.52_107242.94_0.5",   0.1,   1.47,   4.41,   12,   0.05,   10.52,   107242,   0.506474
    "ubend_0.1_1.48_2.07_8.5_0.3_40.0_244382.2_0.5",   0.1,   1.48,   2.07,   8.5,   0.3,   40,   244382,   0.147797
